No.,Date,Time,Header,Data,Unit
1,04/05/2022,01:51:47,,17.91,
2,04/05/2022,01:51:47,,17.97,
3,04/05/2022,01:51:47,,17.99,
4,04/05/2022,01:51:47,,17.94,
5,04/05/2022,01:51:47,,18.08,
6,04/05/2022,01:51:47,,18.17,
7,04/05/2022,01:51:48,,18.16,
8,04/05/2022,01:51:48,,18.30,
9,04/05/2022,01:51:48,,18.29,
10,04/05/2022,01:51:48,,18.37,
11,04/05/2022,01:51:49,,18.42,
12,04/05/2022,01:51:49,,18.56,
13,04/05/2022,01:51:49,,18.60,
14,04/05/2022,01:51:50,,18.56,
15,04/05/2022,01:51:50,,18.78,
16,04/05/2022,01:51:50,,18.88,
17,04/05/2022,01:51:51,,18.96,
18,04/05/2022,01:51:51,,19.05,
19,04/05/2022,01:51:51,,19.20,
20,04/05/2022,01:51:52,,19.34,
21,04/05/2022,01:51:52,,19.46,
22,04/05/2022,01:51:53,,19.55,
23,04/05/2022,01:51:53,,19.70,
24,04/05/2022,01:51:54,,19.80,
25,04/05/2022,01:51:54,,19.94,
26,04/05/2022,01:51:55,,20.05,
27,04/05/2022,01:51:55,,20.15,
28,04/05/2022,01:51:56,,20.29,
29,04/05/2022,01:51:56,,20.39,
30,04/05/2022,01:51:56,,20.48,
31,04/05/2022,01:51:57,,20.66,
32,04/05/2022,01:51:57,,20.74,
33,04/05/2022,01:51:58,,20.88,
34,04/05/2022,01:51:58,,20.99,
35,04/05/2022,01:51:59,,21.13,
36,04/05/2022,01:51:59,,21.25,
37,04/05/2022,01:52:00,,21.33,
38,04/05/2022,01:52:00,,21.48,
39,04/05/2022,01:52:01,,21.58,
40,04/05/2022,01:52:01,,21.72,
41,04/05/2022,01:52:01,,21.86,
42,04/05/2022,01:52:02,,21.97,
43,04/05/2022,01:52:02,,22.12,
44,04/05/2022,01:52:03,,22.23,
45,04/05/2022,01:52:03,,22.37,
46,04/05/2022,01:52:04,,22.45,
47,04/05/2022,01:52:04,,22.62,
48,04/05/2022,01:52:05,,22.70,
49,04/05/2022,01:52:05,,22.84,
50,04/05/2022,01:52:06,,22.96,
51,04/05/2022,01:52:06,,23.11,
52,04/05/2022,01:52:07,,23.25,
53,04/05/2022,01:52:07,,23.35,
54,04/05/2022,01:52:08,,23.51,
55,04/05/2022,01:52:08,,23.62,
56,04/05/2022,01:52:09,,23.69,
57,04/05/2022,01:52:09,,23.84,
58,04/05/2022,01:52:10,,23.96,
59,04/05/2022,01:52:10,,24.10,
60,04/05/2022,01:52:10,,24.22,
61,04/05/2022,01:52:11,,24.29,
62,04/05/2022,01:52:11,,24.43,
63,04/05/2022,01:52:12,,24.54,
64,04/05/2022,01:52:12,,24.68,
65,04/05/2022,01:52:13,,24.84,
66,04/05/2022,01:52:13,,24.95,
67,04/05/2022,01:52:14,,25.09,
68,04/05/2022,01:52:14,,25.20,
69,04/05/2022,01:52:15,,25.35,
70,04/05/2022,01:52:15,,25.43,
71,04/05/2022,01:52:16,,25.54,
72,04/05/2022,01:52:16,,25.68,
73,04/05/2022,01:52:16,,25.83,
74,04/05/2022,01:52:17,,25.95,
75,04/05/2022,01:52:17,,26.03,
76,04/05/2022,01:52:18,,26.13,
77,04/05/2022,01:52:18,,26.21,
78,04/05/2022,01:52:19,,26.40,
79,04/05/2022,01:52:19,,26.48,
80,04/05/2022,01:52:20,,26.62,
81,04/05/2022,01:52:20,,26.74,
82,04/05/2022,01:52:20,,26.88,
83,04/05/2022,01:52:21,,27.00,
84,04/05/2022,01:52:22,,27.22,
85,04/05/2022,01:52:23,,27.53,
86,04/05/2022,01:52:23,,27.67,
87,04/05/2022,01:52:24,,27.72,
88,04/05/2022,01:52:24,,27.86,
89,04/05/2022,01:52:25,,27.98,
90,04/05/2022,01:52:25,,28.06,
91,04/05/2022,01:52:26,,28.26,
92,04/05/2022,01:52:26,,28.38,
93,04/05/2022,01:52:26,,28.46,
94,04/05/2022,01:52:27,,28.60,
95,04/05/2022,01:52:27,,28.72,
96,04/05/2022,01:52:28,,28.86,
97,04/05/2022,01:52:28,,28.92,
98,04/05/2022,01:52:29,,29.05,
99,04/05/2022,01:52:29,,29.17,
100,04/05/2022,01:52:29,,29.26,
101,04/05/2022,01:52:30,,29.40,
102,04/05/2022,01:52:30,,29.51,
103,04/05/2022,01:52:31,,29.64,
104,04/05/2022,01:52:31,,29.79,
105,04/05/2022,01:52:32,,29.91,
106,04/05/2022,01:52:32,,29.99,
107,04/05/2022,01:52:33,,30.11,
108,04/05/2022,01:52:33,,30.26,
109,04/05/2022,01:52:34,,30.35,
110,04/05/2022,01:52:34,,30.44,
111,04/05/2022,01:52:34,,30.58,
112,04/05/2022,01:52:35,,30.70,
113,04/05/2022,01:52:35,,30.79,
114,04/05/2022,01:52:36,,30.90,
115,04/05/2022,01:52:36,,30.99,
116,04/05/2022,01:52:36,,31.10,
117,04/05/2022,01:52:37,,31.24,
118,04/05/2022,01:52:37,,31.36,
119,04/05/2022,01:52:38,,31.44,
120,04/05/2022,01:52:38,,31.59,
121,04/05/2022,01:52:39,,31.70,
122,04/05/2022,01:52:39,,31.77,
123,04/05/2022,01:52:39,,31.89,
124,04/05/2022,01:52:40,,32.04,
125,04/05/2022,01:52:40,,32.15,
126,04/05/2022,01:52:41,,32.23,
127,04/05/2022,01:52:41,,32.37,
128,04/05/2022,01:52:42,,32.48,
129,04/05/2022,01:52:42,,32.57,
130,04/05/2022,01:52:42,,32.69,
131,04/05/2022,01:52:43,,32.83,
132,04/05/2022,01:52:43,,32.97,
133,04/05/2022,01:52:44,,33.08,
134,04/05/2022,01:52:44,,33.16,
135,04/05/2022,01:52:45,,33.27,
136,04/05/2022,01:52:45,,33.41,
137,04/05/2022,01:52:45,,33.52,
138,04/05/2022,01:52:46,,33.60,
139,04/05/2022,01:52:46,,33.75,
140,04/05/2022,01:52:47,,33.87,
141,04/05/2022,01:52:47,,33.96,
142,04/05/2022,01:52:48,,34.07,
143,04/05/2022,01:52:48,,34.20,
144,04/05/2022,01:52:48,,34.32,
145,04/05/2022,01:52:49,,34.41,
146,04/05/2022,01:52:49,,34.55,
147,04/05/2022,01:52:50,,34.66,
148,04/05/2022,01:52:50,,34.75,
149,04/05/2022,01:52:51,,34.87,
150,04/05/2022,01:52:51,,35.00,
151,04/05/2022,01:52:51,,35.11,
152,04/05/2022,01:52:52,,35.19,
153,04/05/2022,01:52:52,,35.34,
154,04/05/2022,01:52:53,,35.46,
155,04/05/2022,01:52:53,,35.54,
156,04/05/2022,01:52:54,,35.64,
157,04/05/2022,01:52:54,,35.79,
158,04/05/2022,01:52:54,,35.91,
159,04/05/2022,01:52:55,,35.98,
160,04/05/2022,01:52:55,,36.12,
161,04/05/2022,01:52:56,,36.24,
162,04/05/2022,01:52:56,,36.32,
163,04/05/2022,01:52:57,,36.44,
164,04/05/2022,01:52:57,,36.59,
165,04/05/2022,01:52:57,,36.70,
166,04/05/2022,01:52:58,,36.78,
167,04/05/2022,01:52:58,,36.93,
168,04/05/2022,01:52:59,,37.04,
169,04/05/2022,01:52:59,,37.12,
170,04/05/2022,01:52:59,,37.22,
171,04/05/2022,01:53:00,,37.37,
172,04/05/2022,01:53:00,,37.48,
173,04/05/2022,01:53:01,,37.57,
174,04/05/2022,01:53:01,,37.71,
175,04/05/2022,01:53:02,,37.83,
176,04/05/2022,01:53:02,,37.91,
177,04/05/2022,01:53:02,,38.02,
178,04/05/2022,01:53:03,,38.11,
179,04/05/2022,01:53:03,,38.23,
180,04/05/2022,01:53:04,,38.37,
181,04/05/2022,01:53:04,,38.51,
182,04/05/2022,01:53:05,,38.57,
183,04/05/2022,01:53:05,,38.71,
184,04/05/2022,01:53:06,,38.81,
185,04/05/2022,01:53:06,,38.96,
186,04/05/2022,01:53:06,,39.08,
187,04/05/2022,01:53:07,,39.17,
188,04/05/2022,01:53:07,,39.31,
189,04/05/2022,01:53:08,,39.41,
190,04/05/2022,01:53:08,,39.56,
191,04/05/2022,01:53:09,,39.66,
192,04/05/2022,01:53:09,,39.75,
193,04/05/2022,01:53:10,,39.95,
194,04/05/2022,01:53:10,,40.17,
195,04/05/2022,01:53:11,,40.30,
196,04/05/2022,01:53:11,,40.42,
197,04/05/2022,01:53:12,,40.50,
198,04/05/2022,01:53:12,,40.67,
199,04/05/2022,01:53:13,,40.81,
200,04/05/2022,01:53:13,,40.90,
201,04/05/2022,01:53:14,,41.01,
202,04/05/2022,01:53:14,,41.16,
203,04/05/2022,01:53:15,,41.28,
204,04/05/2022,01:53:15,,41.40,
205,04/05/2022,01:53:16,,41.55,
206,04/05/2022,01:53:16,,41.70,
207,04/05/2022,01:53:17,,41.80,
208,04/05/2022,01:53:17,,41.88,
209,04/05/2022,01:53:18,,42.06,
210,04/05/2022,01:53:18,,42.19,
211,04/05/2022,01:53:19,,42.28,
212,04/05/2022,01:53:19,,42.40,
213,04/05/2022,01:53:19,,42.54,
214,04/05/2022,01:53:20,,42.68,
215,04/05/2022,01:53:20,,42.79,
216,04/05/2022,01:53:21,,42.91,
217,04/05/2022,01:53:21,,43.06,
218,04/05/2022,01:53:22,,43.16,
219,04/05/2022,01:53:22,,43.31,
220,04/05/2022,01:53:23,,43.47,
221,04/05/2022,01:53:23,,43.59,
222,04/05/2022,01:53:24,,43.66,
223,04/05/2022,01:53:24,,43.84,
224,04/05/2022,01:53:25,,43.97,
225,04/05/2022,01:53:25,,44.06,
226,04/05/2022,01:53:26,,44.23,
227,04/05/2022,01:53:26,,44.33,
228,04/05/2022,01:53:27,,44.47,
229,04/05/2022,01:53:27,,44.58,
230,04/05/2022,01:53:28,,44.73,
231,04/05/2022,01:53:28,,44.86,
232,04/05/2022,01:53:29,,44.97,
233,04/05/2022,01:53:29,,45.12,
234,04/05/2022,01:53:30,,45.24,
235,04/05/2022,01:53:30,,45.37,
236,04/05/2022,01:53:30,,45.45,
237,04/05/2022,01:53:31,,45.56,
238,04/05/2022,01:53:31,,45.71,
239,04/05/2022,01:53:32,,45.84,
240,04/05/2022,01:53:32,,45.94,
241,04/05/2022,01:53:33,,46.10,
242,04/05/2022,01:53:33,,46.23,
243,04/05/2022,01:53:34,,46.34,
244,04/05/2022,01:53:34,,46.49,
245,04/05/2022,01:53:35,,46.61,
246,04/05/2022,01:53:35,,46.70,
247,04/05/2022,01:53:36,,46.84,
248,04/05/2022,01:53:36,,46.96,
249,04/05/2022,01:53:37,,47.09,
250,04/05/2022,01:53:37,,47.23,
251,04/05/2022,01:53:38,,47.34,
252,04/05/2022,01:53:38,,47.48,
253,04/05/2022,01:53:38,,47.60,
254,04/05/2022,01:53:39,,47.68,
255,04/05/2022,01:53:39,,47.83,
256,04/05/2022,01:53:40,,48.00,
257,04/05/2022,01:53:40,,48.09,
258,04/05/2022,01:53:41,,48.23,
259,04/05/2022,01:53:41,,48.34,
260,04/05/2022,01:53:42,,48.48,
261,04/05/2022,01:53:42,,48.59,
262,04/05/2022,01:53:43,,48.73,
263,04/05/2022,01:53:43,,48.82,
264,04/05/2022,01:53:44,,48.93,
265,04/05/2022,01:53:44,,49.08,
266,04/05/2022,01:53:45,,49.22,
267,04/05/2022,01:53:45,,49.33,
268,04/05/2022,01:53:46,,49.47,
269,04/05/2022,01:53:46,,49.62,
270,04/05/2022,01:53:47,,49.74,
271,04/05/2022,01:53:47,,49.88,
272,04/05/2022,01:53:47,,49.99,
273,04/05/2022,01:53:48,,50.07,
274,04/05/2022,01:53:48,,50.21,
275,04/05/2022,01:53:49,,50.39,
276,04/05/2022,01:53:49,,50.47,
277,04/05/2022,01:53:50,,50.53,
278,04/05/2022,01:53:50,,50.52,
279,04/05/2022,01:53:51,,50.52,
280,04/05/2022,01:53:51,,50.53,
281,04/05/2022,01:53:52,,50.54,
282,04/05/2022,01:53:52,,50.54,
283,04/05/2022,01:53:53,,50.59,
284,04/05/2022,01:53:53,,50.66,
285,04/05/2022,01:53:54,,50.72,
286,04/05/2022,01:53:54,,50.74,
287,04/05/2022,01:53:54,,50.77,
288,04/05/2022,01:53:55,,50.80,
289,04/05/2022,01:53:55,,50.84,
290,04/05/2022,01:53:56,,50.86,
291,04/05/2022,01:53:56,,50.94,
292,04/05/2022,01:53:57,,51.02,
293,04/05/2022,01:53:57,,51.11,
294,04/05/2022,01:53:58,,51.18,
295,04/05/2022,01:53:58,,51.28,
296,04/05/2022,01:53:59,,51.34,
297,04/05/2022,01:53:59,,51.41,
298,04/05/2022,01:53:59,,51.48,
299,04/05/2022,01:54:00,,51.56,
300,04/05/2022,01:54:00,,51.63,
301,04/05/2022,01:54:01,,51.71,
302,04/05/2022,01:54:01,,51.77,
303,04/05/2022,01:54:02,,51.84,
304,04/05/2022,01:54:02,,51.90,
305,04/05/2022,01:54:03,,51.97,
306,04/05/2022,01:54:03,,52.08,
307,04/05/2022,01:54:04,,52.14,
308,04/05/2022,01:54:04,,52.20,
309,04/05/2022,01:54:05,,52.31,
310,04/05/2022,01:54:05,,52.37,
311,04/05/2022,01:54:06,,52.44,
312,04/05/2022,01:54:06,,52.51,
313,04/05/2022,01:54:07,,52.57,
314,04/05/2022,01:54:07,,52.66,
315,04/05/2022,01:54:08,,52.72,
316,04/05/2022,01:54:08,,52.78,
317,04/05/2022,01:54:08,,52.86,
318,04/05/2022,01:54:09,,52.93,
319,04/05/2022,01:54:09,,53.03,
320,04/05/2022,01:54:10,,53.10,
321,04/05/2022,01:54:10,,53.16,
322,04/05/2022,01:54:11,,53.22,
323,04/05/2022,01:54:11,,53.29,
324,04/05/2022,01:54:12,,53.40,
325,04/05/2022,01:54:12,,53.47,
326,04/05/2022,01:54:13,,53.54,
327,04/05/2022,01:54:13,,53.59,
328,04/05/2022,01:54:13,,53.62,
329,04/05/2022,01:54:14,,53.68,
330,04/05/2022,01:54:14,,53.76,
331,04/05/2022,01:54:15,,53.86,
332,04/05/2022,01:54:15,,53.93,
333,04/05/2022,01:54:16,,54.00,
334,04/05/2022,01:54:16,,54.07,
335,04/05/2022,01:54:17,,54.13,
336,04/05/2022,01:54:17,,54.23,
337,04/05/2022,01:54:18,,54.31,
338,04/05/2022,01:54:18,,54.37,
339,04/05/2022,01:54:19,,54.43,
340,04/05/2022,01:54:19,,54.53,
341,04/05/2022,01:54:20,,54.59,
342,04/05/2022,01:54:20,,54.69,
343,04/05/2022,01:54:20,,54.76,
344,04/05/2022,01:54:21,,54.83,
345,04/05/2022,01:54:21,,54.90,
346,04/05/2022,01:54:22,,54.96,
347,04/05/2022,01:54:22,,55.02,
348,04/05/2022,01:54:23,,55.12,
349,04/05/2022,01:54:23,,55.17,
350,04/05/2022,01:54:24,,55.22,
351,04/05/2022,01:54:24,,55.30,
352,04/05/2022,01:54:25,,55.36,
353,04/05/2022,01:54:25,,55.41,
354,04/05/2022,01:54:26,,55.46,
355,04/05/2022,01:54:26,,55.52,
356,04/05/2022,01:54:27,,55.61,
357,04/05/2022,01:54:27,,55.66,
358,04/05/2022,01:54:28,,55.72,
359,04/05/2022,01:54:28,,55.78,
360,04/05/2022,01:54:28,,55.84,
361,04/05/2022,01:54:29,,55.90,
362,04/05/2022,01:54:29,,55.99,
363,04/05/2022,01:54:30,,56.05,
364,04/05/2022,01:54:30,,56.11,
365,04/05/2022,01:54:31,,56.17,
366,04/05/2022,01:54:31,,56.23,
367,04/05/2022,01:54:32,,56.32,
368,04/05/2022,01:54:32,,56.38,
369,04/05/2022,01:54:33,,56.44,
370,04/05/2022,01:54:33,,56.51,
371,04/05/2022,01:54:34,,56.57,
372,04/05/2022,01:54:34,,56.66,
373,04/05/2022,01:54:35,,56.72,
374,04/05/2022,01:54:35,,56.78,
375,04/05/2022,01:54:36,,56.84,
376,04/05/2022,01:54:36,,56.92,
377,04/05/2022,01:54:37,,56.98,
378,04/05/2022,01:54:37,,57.03,
379,04/05/2022,01:54:37,,57.11,
380,04/05/2022,01:54:38,,57.20,
381,04/05/2022,01:54:38,,57.26,
382,04/05/2022,01:54:39,,57.33,
383,04/05/2022,01:54:39,,57.38,
384,04/05/2022,01:54:40,,57.47,
385,04/05/2022,01:54:40,,57.53,
386,04/05/2022,01:54:41,,57.59,
387,04/05/2022,01:54:41,,57.65,
388,04/05/2022,01:54:42,,57.74,
389,04/05/2022,01:54:42,,57.79,
390,04/05/2022,01:54:43,,57.85,
391,04/05/2022,01:54:43,,57.91,
392,04/05/2022,01:54:44,,57.97,
393,04/05/2022,01:54:44,,58.07,
394,04/05/2022,01:54:45,,58.13,
395,04/05/2022,01:54:45,,58.18,
396,04/05/2022,01:54:46,,58.25,
397,04/05/2022,01:54:46,,58.35,
398,04/05/2022,01:54:47,,58.42,
399,04/05/2022,01:54:47,,58.48,
400,04/05/2022,01:54:48,,58.55,
401,04/05/2022,01:54:48,,58.62,
402,04/05/2022,01:54:48,,58.71,
403,04/05/2022,01:54:49,,58.77,
404,04/05/2022,01:54:49,,58.83,
405,04/05/2022,01:54:50,,58.93,
406,04/05/2022,01:54:50,,59.00,
407,04/05/2022,01:54:51,,59.06,
408,04/05/2022,01:54:51,,59.12,
409,04/05/2022,01:54:52,,59.19,
410,04/05/2022,01:54:52,,59.25,
411,04/05/2022,01:54:53,,59.35,
412,04/05/2022,01:54:53,,59.43,
413,04/05/2022,01:54:54,,59.49,
414,04/05/2022,01:54:54,,59.59,
415,04/05/2022,01:54:55,,59.65,
416,04/05/2022,01:54:55,,59.71,
417,04/05/2022,01:54:56,,59.78,
418,04/05/2022,01:54:56,,59.84,
419,04/05/2022,01:54:57,,59.94,
420,04/05/2022,01:54:57,,60.00,
421,04/05/2022,01:54:57,,60.02,
422,04/05/2022,01:54:58,,60.11,
423,04/05/2022,01:54:58,,60.19,
424,04/05/2022,01:54:59,,60.25,
425,04/05/2022,01:54:59,,60.31,
426,04/05/2022,01:55:00,,60.37,
427,04/05/2022,01:55:00,,60.44,
428,04/05/2022,01:55:01,,60.53,
429,04/05/2022,01:55:01,,60.60,
430,04/05/2022,01:55:02,,60.66,
431,04/05/2022,01:55:02,,60.76,
432,04/05/2022,01:55:03,,60.83,
433,04/05/2022,01:55:03,,60.88,
434,04/05/2022,01:55:03,,60.95,
435,04/05/2022,01:55:04,,61.02,
436,04/05/2022,01:55:04,,61.08,
437,04/05/2022,01:55:05,,61.17,
438,04/05/2022,01:55:05,,61.24,
439,04/05/2022,01:55:06,,61.30,
440,04/05/2022,01:55:06,,61.36,
441,04/05/2022,01:55:07,,61.42,
442,04/05/2022,01:55:07,,61.52,
443,04/05/2022,01:55:08,,61.59,
444,04/05/2022,01:55:08,,61.65,
445,04/05/2022,01:55:09,,61.72,
446,04/05/2022,01:55:09,,61.78,
447,04/05/2022,01:55:10,,61.90,
448,04/05/2022,01:55:10,,61.96,
449,04/05/2022,01:55:10,,62.02,
450,04/05/2022,01:55:11,,62.09,
451,04/05/2022,01:55:11,,62.16,
452,04/05/2022,01:55:12,,62.25,
453,04/05/2022,01:55:12,,62.31,
454,04/05/2022,01:55:13,,62.37,
455,04/05/2022,01:55:13,,62.48,
456,04/05/2022,01:55:14,,62.54,
457,04/05/2022,01:55:14,,62.60,
458,04/05/2022,01:55:15,,62.67,
459,04/05/2022,01:55:15,,62.76,
460,04/05/2022,01:55:16,,62.83,
461,04/05/2022,01:55:16,,62.91,
462,04/05/2022,01:55:17,,62.97,
463,04/05/2022,01:55:17,,63.06,
464,04/05/2022,01:55:18,,63.13,
465,04/05/2022,01:55:18,,63.19,
466,04/05/2022,01:55:19,,63.26,
467,04/05/2022,01:55:19,,63.36,
468,04/05/2022,01:55:20,,63.42,
469,04/05/2022,01:55:20,,63.48,
470,04/05/2022,01:55:21,,63.55,
471,04/05/2022,01:55:21,,63.62,
472,04/05/2022,01:55:21,,63.73,
473,04/05/2022,01:55:22,,63.80,
474,04/05/2022,01:55:22,,63.86,
475,04/05/2022,01:55:23,,63.93,
476,04/05/2022,01:55:23,,64.04,
477,04/05/2022,01:55:24,,64.12,
478,04/05/2022,01:55:24,,64.19,
479,04/05/2022,01:55:25,,64.26,
480,04/05/2022,01:55:25,,64.35,
481,04/05/2022,01:55:26,,64.42,
482,04/05/2022,01:55:26,,64.50,
483,04/05/2022,01:55:27,,64.63,
484,04/05/2022,01:55:27,,64.70,
485,04/05/2022,01:55:28,,64.77,
486,04/05/2022,01:55:28,,64.86,
487,04/05/2022,01:55:29,,64.97,
488,04/05/2022,01:55:29,,65.03,
489,04/05/2022,01:55:30,,65.11,
490,04/05/2022,01:55:30,,65.19,
491,04/05/2022,01:55:31,,65.31,
492,04/05/2022,01:55:31,,65.38,
493,04/05/2022,01:55:32,,65.45,
494,04/05/2022,01:55:32,,65.53,
495,04/05/2022,01:55:33,,65.64,
496,04/05/2022,01:55:33,,65.71,
497,04/05/2022,01:55:34,,65.79,
498,04/05/2022,01:55:34,,65.87,
499,04/05/2022,01:55:34,,65.95,
500,04/05/2022,01:55:35,,66.05,
501,04/05/2022,01:55:35,,66.12,
502,04/05/2022,01:55:36,,66.20,
503,04/05/2022,01:55:36,,66.28,
504,04/05/2022,01:55:37,,66.38,
505,04/05/2022,01:55:37,,66.45,
506,04/05/2022,01:55:38,,66.53,
507,04/05/2022,01:55:38,,66.60,
508,04/05/2022,01:55:39,,66.71,
509,04/05/2022,01:55:39,,66.78,
510,04/05/2022,01:55:40,,66.87,
511,04/05/2022,01:55:40,,66.99,
512,04/05/2022,01:55:41,,67.08,
513,04/05/2022,01:55:41,,67.15,
514,04/05/2022,01:55:42,,67.23,
515,04/05/2022,01:55:42,,67.35,
516,04/05/2022,01:55:43,,67.43,
517,04/05/2022,01:55:43,,67.51,
518,04/05/2022,01:55:44,,67.58,
519,04/05/2022,01:55:44,,67.66,
520,04/05/2022,01:55:44,,67.74,
521,04/05/2022,01:55:45,,67.86,
522,04/05/2022,01:55:45,,67.94,
523,04/05/2022,01:55:46,,68.01,
524,04/05/2022,01:55:46,,68.08,
525,04/05/2022,01:55:47,,68.16,
526,04/05/2022,01:55:47,,68.27,
527,04/05/2022,01:55:48,,68.34,
528,04/05/2022,01:55:48,,68.42,
529,04/05/2022,01:55:49,,68.50,
530,04/05/2022,01:55:49,,68.58,
531,04/05/2022,01:55:50,,68.68,
532,04/05/2022,01:55:50,,68.76,
533,04/05/2022,01:55:51,,68.84,
534,04/05/2022,01:55:51,,68.95,
535,04/05/2022,01:55:52,,69.03,
536,04/05/2022,01:55:52,,69.11,
537,04/05/2022,01:55:53,,69.23,
538,04/05/2022,01:55:53,,69.30,
539,04/05/2022,01:55:54,,69.38,
540,04/05/2022,01:55:54,,69.46,
541,04/05/2022,01:55:55,,69.57,
542,04/05/2022,01:55:55,,69.65,
543,04/05/2022,01:55:56,,69.73,
544,04/05/2022,01:55:56,,69.80,
545,04/05/2022,01:55:56,,69.92,
546,04/05/2022,01:55:57,,70.00,
547,04/05/2022,01:55:57,,70.07,
548,04/05/2022,01:55:58,,70.15,
549,04/05/2022,01:55:58,,70.23,
550,04/05/2022,01:55:59,,70.31,
551,04/05/2022,01:55:59,,70.38,
552,04/05/2022,01:56:00,,70.46,
553,04/05/2022,01:56:00,,70.55,
554,04/05/2022,01:56:01,,70.66,
555,04/05/2022,01:56:01,,70.73,
556,04/05/2022,01:56:01,,70.80,
557,04/05/2022,01:56:02,,70.87,
558,04/05/2022,01:56:02,,70.96,
559,04/05/2022,01:56:03,,71.07,
560,04/05/2022,01:56:03,,71.15,
561,04/05/2022,01:56:04,,71.23,
562,04/05/2022,01:56:04,,71.31,
563,04/05/2022,01:56:05,,71.43,
564,04/05/2022,01:56:05,,71.50,
565,04/05/2022,01:56:06,,71.58,
566,04/05/2022,01:56:06,,71.69,
567,04/05/2022,01:56:07,,71.77,
568,04/05/2022,01:56:07,,71.86,
569,04/05/2022,01:56:08,,71.93,
570,04/05/2022,01:56:08,,72.00,
571,04/05/2022,01:56:09,,72.12,
572,04/05/2022,01:56:09,,72.20,
573,04/05/2022,01:56:09,,72.27,
574,04/05/2022,01:56:10,,72.36,
575,04/05/2022,01:56:10,,72.44,
576,04/05/2022,01:56:11,,72.51,
577,04/05/2022,01:56:11,,72.58,
578,04/05/2022,01:56:12,,72.65,
579,04/05/2022,01:56:12,,72.78,
580,04/05/2022,01:56:13,,72.86,
581,04/05/2022,01:56:13,,72.93,
582,04/05/2022,01:56:14,,73.03,
583,04/05/2022,01:56:14,,73.12,
584,04/05/2022,01:56:15,,73.19,
585,04/05/2022,01:56:15,,73.27,
586,04/05/2022,01:56:16,,73.35,
587,04/05/2022,01:56:16,,73.47,
588,04/05/2022,01:56:17,,73.54,
589,04/05/2022,01:56:17,,73.61,
590,04/05/2022,01:56:18,,73.68,
591,04/05/2022,01:56:18,,73.80,
592,04/05/2022,01:56:19,,73.87,
593,04/05/2022,01:56:19,,73.94,
594,04/05/2022,01:56:20,,74.06,
595,04/05/2022,01:56:20,,74.14,
596,04/05/2022,01:56:20,,74.21,
597,04/05/2022,01:56:21,,74.28,
598,04/05/2022,01:56:21,,74.40,
599,04/05/2022,01:56:22,,74.47,
600,04/05/2022,01:56:22,,74.54,
601,04/05/2022,01:56:23,,74.63,
602,04/05/2022,01:56:23,,74.74,
603,04/05/2022,01:56:24,,74.81,
604,04/05/2022,01:56:24,,74.89,
605,04/05/2022,01:56:25,,75.01,
606,04/05/2022,01:56:25,,75.09,
607,04/05/2022,01:56:25,,75.13,
608,04/05/2022,01:56:26,,75.16,
609,04/05/2022,01:56:26,,75.20,
610,04/05/2022,01:56:26,,75.24,
611,04/05/2022,01:56:26,,75.28,
612,04/05/2022,01:56:27,,75.32,
613,04/05/2022,01:56:27,,75.35,
614,04/05/2022,01:56:27,,75.39,
615,04/05/2022,01:56:27,,75.43,
616,04/05/2022,01:56:27,,75.47,
617,04/05/2022,01:56:28,,75.52,
618,04/05/2022,01:56:28,,75.55,
619,04/05/2022,01:56:28,,75.60,
620,04/05/2022,01:56:28,,75.64,
621,04/05/2022,01:56:28,,75.67,
622,04/05/2022,01:56:29,,75.71,
623,04/05/2022,01:56:29,,75.75,
624,04/05/2022,01:56:29,,75.79,
625,04/05/2022,01:56:29,,75.83,
626,04/05/2022,01:56:30,,75.86,
627,04/05/2022,01:56:30,,75.90,
628,04/05/2022,01:56:30,,75.94,
629,04/05/2022,01:56:30,,75.98,
630,04/05/2022,01:56:30,,76.02,
631,04/05/2022,01:56:31,,76.05,
632,04/05/2022,01:56:31,,76.09,
633,04/05/2022,01:56:31,,76.13,
634,04/05/2022,01:56:31,,76.17,
635,04/05/2022,01:56:31,,76.20,
636,04/05/2022,01:56:32,,76.29,
637,04/05/2022,01:56:32,,76.29,
638,04/05/2022,01:56:32,,76.32,
639,04/05/2022,01:56:32,,76.36,
640,04/05/2022,01:56:32,,76.36,
641,04/05/2022,01:56:33,,76.36,
642,04/05/2022,01:56:33,,76.43,
643,04/05/2022,01:56:33,,76.48,
644,04/05/2022,01:56:33,,76.52,
645,04/05/2022,01:56:33,,76.54,
646,04/05/2022,01:56:34,,76.58,
647,04/05/2022,01:56:34,,76.61,
648,04/05/2022,01:56:34,,76.65,
649,04/05/2022,01:56:34,,76.68,
650,04/05/2022,01:56:34,,76.70,
651,04/05/2022,01:56:35,,76.74,
652,04/05/2022,01:56:35,,76.77,
653,04/05/2022,01:56:35,,76.81,
654,04/05/2022,01:56:35,,76.85,
655,04/05/2022,01:56:35,,76.87,
656,04/05/2022,01:56:35,,76.91,
657,04/05/2022,01:56:36,,76.94,
658,04/05/2022,01:56:36,,76.98,
659,04/05/2022,01:56:36,,77.02,
660,04/05/2022,01:56:36,,77.03,
661,04/05/2022,01:56:36,,77.07,
662,04/05/2022,01:56:37,,77.11,
663,04/05/2022,01:56:37,,77.14,
664,04/05/2022,01:56:37,,77.17,
665,04/05/2022,01:56:37,,77.20,
666,04/05/2022,01:56:37,,77.23,
667,04/05/2022,01:56:38,,77.27,
668,04/05/2022,01:56:38,,77.31,
669,04/05/2022,01:56:38,,77.35,
670,04/05/2022,01:56:38,,77.36,
671,04/05/2022,01:56:38,,77.40,
672,04/05/2022,01:56:39,,77.43,
673,04/05/2022,01:56:39,,77.47,
674,04/05/2022,01:56:39,,77.51,
675,04/05/2022,01:56:39,,77.53,
676,04/05/2022,01:56:39,,77.56,
677,04/05/2022,01:56:40,,77.60,
678,04/05/2022,01:56:40,,77.63,
679,04/05/2022,01:56:40,,77.67,
680,04/05/2022,01:56:40,,77.69,
681,04/05/2022,01:56:40,,77.72,
682,04/05/2022,01:56:41,,77.76,
683,04/05/2022,01:56:41,,77.80,
684,04/05/2022,01:56:41,,77.83,
685,04/05/2022,01:56:41,,77.85,
686,04/05/2022,01:56:41,,77.89,
687,04/05/2022,01:56:41,,77.93,
688,04/05/2022,01:56:42,,77.97,
689,04/05/2022,01:56:42,,78.01,
690,04/05/2022,01:56:42,,78.02,
691,04/05/2022,01:56:42,,78.07,
692,04/05/2022,01:56:42,,78.10,
693,04/05/2022,01:56:43,,78.14,
694,04/05/2022,01:56:43,,78.18,
695,04/05/2022,01:56:43,,78.20,
696,04/05/2022,01:56:43,,78.23,
697,04/05/2022,01:56:43,,78.27,
698,04/05/2022,01:56:44,,78.30,
699,04/05/2022,01:56:44,,78.34,
700,04/05/2022,01:56:44,,78.35,
701,04/05/2022,01:56:44,,78.39,
702,04/05/2022,01:56:44,,78.43,
703,04/05/2022,01:56:45,,78.48,
704,04/05/2022,01:56:45,,78.51,
705,04/05/2022,01:56:45,,78.53,
706,04/05/2022,01:56:45,,78.56,
707,04/05/2022,01:56:45,,78.60,
708,04/05/2022,01:56:46,,78.63,
709,04/05/2022,01:56:46,,78.68,
710,04/05/2022,01:56:46,,78.69,
711,04/05/2022,01:56:46,,78.74,
712,04/05/2022,01:56:46,,78.78,
713,04/05/2022,01:56:46,,78.83,
714,04/05/2022,01:56:47,,78.89,
715,04/05/2022,01:56:47,,78.92,
716,04/05/2022,01:56:47,,78.99,
717,04/05/2022,01:56:47,,79.05,
718,04/05/2022,01:56:47,,79.11,
719,04/05/2022,01:56:48,,79.16,
720,04/05/2022,01:56:48,,79.18,
721,04/05/2022,01:56:48,,79.23,
722,04/05/2022,01:56:48,,79.27,
723,04/05/2022,01:56:48,,79.31,
724,04/05/2022,01:56:49,,79.35,
725,04/05/2022,01:56:49,,79.37,
726,04/05/2022,01:56:49,,79.41,
727,04/05/2022,01:56:49,,79.45,
728,04/05/2022,01:56:49,,79.49,
729,04/05/2022,01:56:50,,79.53,
730,04/05/2022,01:56:50,,79.56,
731,04/05/2022,01:56:50,,79.60,
732,04/05/2022,01:56:50,,79.64,
733,04/05/2022,01:56:50,,79.68,
734,04/05/2022,01:56:51,,79.72,
735,04/05/2022,01:56:51,,79.74,
736,04/05/2022,01:56:51,,79.78,
737,04/05/2022,01:56:51,,79.83,
738,04/05/2022,01:56:51,,79.88,
739,04/05/2022,01:56:52,,79.92,
740,04/05/2022,01:56:52,,79.94,
741,04/05/2022,01:56:52,,79.98,
742,04/05/2022,01:56:52,,80.01,
743,04/05/2022,01:56:52,,80.05,
744,04/05/2022,01:56:52,,80.09,
745,04/05/2022,01:56:53,,80.12,
746,04/05/2022,01:56:53,,80.16,
747,04/05/2022,01:56:53,,80.21,
748,04/05/2022,01:56:53,,80.26,
749,04/05/2022,01:56:53,,80.30,
750,04/05/2022,01:56:54,,80.32,
751,04/05/2022,01:56:54,,80.36,
752,04/05/2022,01:56:54,,80.40,
753,04/05/2022,01:56:54,,80.44,
754,04/05/2022,01:56:54,,80.48,
755,04/05/2022,01:56:54,,80.50,
756,04/05/2022,01:56:55,,80.54,
757,04/05/2022,01:56:55,,80.58,
758,04/05/2022,01:56:55,,80.62,
759,04/05/2022,01:56:55,,80.66,
760,04/05/2022,01:56:55,,80.68,
761,04/05/2022,01:56:56,,80.73,
762,04/05/2022,01:56:56,,80.77,
763,04/05/2022,01:56:56,,80.81,
764,04/05/2022,01:56:56,,80.85,
765,04/05/2022,01:56:56,,80.87,
766,04/05/2022,01:56:57,,80.91,
767,04/05/2022,01:56:57,,80.95,
768,04/05/2022,01:56:57,,80.99,
769,04/05/2022,01:56:57,,81.03,
770,04/05/2022,01:56:57,,81.05,
771,04/05/2022,01:56:58,,81.09,
772,04/05/2022,01:56:58,,81.13,
773,04/05/2022,01:56:58,,81.18,
774,04/05/2022,01:56:58,,81.22,
775,04/05/2022,01:56:58,,81.24,
776,04/05/2022,01:56:59,,81.29,
777,04/05/2022,01:56:59,,81.33,
778,04/05/2022,01:56:59,,81.37,
779,04/05/2022,01:56:59,,81.41,
780,04/05/2022,01:56:59,,81.44,
781,04/05/2022,01:57:00,,81.47,
782,04/05/2022,01:57:00,,81.52,
783,04/05/2022,01:57:00,,81.56,
784,04/05/2022,01:57:00,,81.61,
785,04/05/2022,01:57:00,,81.63,
786,04/05/2022,01:57:00,,81.67,
787,04/05/2022,01:57:01,,81.71,
788,04/05/2022,01:57:01,,81.74,
789,04/05/2022,01:57:01,,81.78,
790,04/05/2022,01:57:01,,81.79,
791,04/05/2022,01:57:01,,81.83,
792,04/05/2022,01:57:02,,81.87,
793,04/05/2022,01:57:02,,81.92,
794,04/05/2022,01:57:02,,81.96,
795,04/05/2022,01:57:02,,81.97,
796,04/05/2022,01:57:02,,82.02,
797,04/05/2022,01:57:03,,82.06,
798,04/05/2022,01:57:03,,82.11,
799,04/05/2022,01:57:03,,82.15,
800,04/05/2022,01:57:03,,82.18,
801,04/05/2022,01:57:03,,82.22,
802,04/05/2022,01:57:04,,82.27,
803,04/05/2022,01:57:04,,82.33,
804,04/05/2022,01:57:04,,82.47,
805,04/05/2022,01:57:04,,82.54,
806,04/05/2022,01:57:04,,82.72,
807,04/05/2022,01:57:05,,82.90,
808,04/05/2022,01:57:05,,83.06,
809,04/05/2022,01:57:05,,83.15,
810,04/05/2022,01:57:05,,83.19,
811,04/05/2022,01:57:05,,83.23,
812,04/05/2022,01:57:05,,83.27,
813,04/05/2022,01:57:06,,83.30,
814,04/05/2022,01:57:06,,83.32,
815,04/05/2022,01:57:06,,83.34,
816,04/05/2022,01:57:06,,83.37,
817,04/05/2022,01:57:06,,83.41,
818,04/05/2022,01:57:07,,83.45,
819,04/05/2022,01:57:07,,83.49,
820,04/05/2022,01:57:07,,83.51,
821,04/05/2022,01:57:07,,83.54,
822,04/05/2022,01:57:07,,83.58,
823,04/05/2022,01:57:08,,83.61,
824,04/05/2022,01:57:08,,83.65,
825,04/05/2022,01:57:08,,83.67,
826,04/05/2022,01:57:08,,83.71,
827,04/05/2022,01:57:08,,83.76,
828,04/05/2022,01:57:09,,83.82,
829,04/05/2022,01:57:09,,83.86,
830,04/05/2022,01:57:09,,83.89,
831,04/05/2022,01:57:09,,83.94,
832,04/05/2022,01:57:09,,83.97,
833,04/05/2022,01:57:10,,84.01,
834,04/05/2022,01:57:10,,84.05,
835,04/05/2022,01:57:10,,84.06,
836,04/05/2022,01:57:10,,84.10,
837,04/05/2022,01:57:10,,84.15,
838,04/05/2022,01:57:10,,84.18,
839,04/05/2022,01:57:11,,84.22,
840,04/05/2022,01:57:11,,84.24,
841,04/05/2022,01:57:11,,84.29,
842,04/05/2022,01:57:11,,84.32,
843,04/05/2022,01:57:11,,84.37,
844,04/05/2022,01:57:12,,84.41,
845,04/05/2022,01:57:12,,84.43,
846,04/05/2022,01:57:12,,84.48,
847,04/05/2022,01:57:12,,84.52,
848,04/05/2022,01:57:12,,84.56,
849,04/05/2022,01:57:13,,84.60,
850,04/05/2022,01:57:13,,84.63,
851,04/05/2022,01:57:13,,84.67,
852,04/05/2022,01:57:13,,84.72,
853,04/05/2022,01:57:13,,84.76,
854,04/05/2022,01:57:14,,84.81,
855,04/05/2022,01:57:14,,84.83,
856,04/05/2022,01:57:14,,84.88,
857,04/05/2022,01:57:14,,84.92,
858,04/05/2022,01:57:14,,84.97,
859,04/05/2022,01:57:15,,85.01,
860,04/05/2022,01:57:15,,85.03,
861,04/05/2022,01:57:15,,85.08,
862,04/05/2022,01:57:15,,85.13,
863,04/05/2022,01:57:15,,85.17,
864,04/05/2022,01:57:15,,85.22,
865,04/05/2022,01:57:16,,85.24,
866,04/05/2022,01:57:16,,85.29,
867,04/05/2022,01:57:16,,85.34,
868,04/05/2022,01:57:16,,85.39,
869,04/05/2022,01:57:16,,85.43,
870,04/05/2022,01:57:17,,85.46,
871,04/05/2022,01:57:17,,85.50,
872,04/05/2022,01:57:17,,85.55,
873,04/05/2022,01:57:17,,85.60,
874,04/05/2022,01:57:17,,85.65,
875,04/05/2022,01:57:18,,85.67,
876,04/05/2022,01:57:18,,85.71,
877,04/05/2022,01:57:18,,85.76,
878,04/05/2022,01:57:18,,85.80,
879,04/05/2022,01:57:18,,85.85,
880,04/05/2022,01:57:18,,85.88,
881,04/05/2022,01:57:19,,85.92,
882,04/05/2022,01:57:19,,85.96,
883,04/05/2022,01:57:19,,86.01,
884,04/05/2022,01:57:19,,86.05,
885,04/05/2022,01:57:19,,86.08,
886,04/05/2022,01:57:20,,86.12,
887,04/05/2022,01:57:20,,86.17,
888,04/05/2022,01:57:20,,86.22,
889,04/05/2022,01:57:20,,86.27,
890,04/05/2022,01:57:20,,86.29,
891,04/05/2022,01:57:21,,86.33,
892,04/05/2022,01:57:21,,86.37,
893,04/05/2022,01:57:21,,86.42,
894,04/05/2022,01:57:21,,86.47,
895,04/05/2022,01:57:21,,86.49,
896,04/05/2022,01:57:22,,86.54,
897,04/05/2022,01:57:22,,86.59,
898,04/05/2022,01:57:22,,86.63,
899,04/05/2022,01:57:22,,86.67,
900,04/05/2022,01:57:22,,86.70,
901,04/05/2022,01:57:23,,86.74,
902,04/05/2022,01:57:23,,86.78,
903,04/05/2022,01:57:23,,86.83,
904,04/05/2022,01:57:23,,86.88,
905,04/05/2022,01:57:23,,86.90,
906,04/05/2022,01:57:23,,86.94,
907,04/05/2022,01:57:24,,86.99,
908,04/05/2022,01:57:24,,87.03,
909,04/05/2022,01:57:24,,87.08,
910,04/05/2022,01:57:24,,87.10,
911,04/05/2022,01:57:24,,87.15,
912,04/05/2022,01:57:25,,87.19,
913,04/05/2022,01:57:25,,87.24,
914,04/05/2022,01:57:25,,87.29,
915,04/05/2022,01:57:25,,87.32,
916,04/05/2022,01:57:25,,87.37,
917,04/05/2022,01:57:26,,87.42,
918,04/05/2022,01:57:26,,87.46,
919,04/05/2022,01:57:26,,87.50,
920,04/05/2022,01:57:26,,87.53,
921,04/05/2022,01:57:26,,87.58,
922,04/05/2022,01:57:27,,87.63,
923,04/05/2022,01:57:27,,87.68,
924,04/05/2022,01:57:27,,87.73,
925,04/05/2022,01:57:27,,87.76,
926,04/05/2022,01:57:27,,87.80,
927,04/05/2022,01:57:28,,87.85,
928,04/05/2022,01:57:28,,87.89,
929,04/05/2022,01:57:28,,87.93,
930,04/05/2022,01:57:28,,87.95,
931,04/05/2022,01:57:28,,88.00,
932,04/05/2022,01:57:29,,88.04,
933,04/05/2022,01:57:29,,88.09,
934,04/05/2022,01:57:29,,88.14,
935,04/05/2022,01:57:29,,88.17,
936,04/05/2022,01:57:29,,88.21,
937,04/05/2022,01:57:29,,88.26,
938,04/05/2022,01:57:30,,88.31,
939,04/05/2022,01:57:30,,88.35,
940,04/05/2022,01:57:30,,88.37,
941,04/05/2022,01:57:30,,88.42,
942,04/05/2022,01:57:30,,88.47,
943,04/05/2022,01:57:31,,88.52,
944,04/05/2022,01:57:31,,88.57,
945,04/05/2022,01:57:31,,88.60,
946,04/05/2022,01:57:31,,88.64,
947,04/05/2022,01:57:31,,88.69,
948,04/05/2022,01:57:32,,88.74,
949,04/05/2022,01:57:32,,88.79,
950,04/05/2022,01:57:32,,88.81,
951,04/05/2022,01:57:32,,88.86,
952,04/05/2022,01:57:32,,88.90,
953,04/05/2022,01:57:33,,88.95,
954,04/05/2022,01:57:33,,88.99,
955,04/05/2022,01:57:33,,89.01,
956,04/05/2022,01:57:33,,89.06,
957,04/05/2022,01:57:33,,89.10,
958,04/05/2022,01:57:34,,89.15,
959,04/05/2022,01:57:34,,89.20,
960,04/05/2022,01:57:34,,89.23,
961,04/05/2022,01:57:34,,89.27,
962,04/05/2022,01:57:34,,89.32,
963,04/05/2022,01:57:34,,89.37,
964,04/05/2022,01:57:35,,89.41,
965,04/05/2022,01:57:35,,89.43,
966,04/05/2022,01:57:35,,89.48,
967,04/05/2022,01:57:35,,89.52,
968,04/05/2022,01:57:35,,89.57,
969,04/05/2022,01:57:36,,89.62,
970,04/05/2022,01:57:36,,89.65,
971,04/05/2022,01:57:36,,89.69,
972,04/05/2022,01:57:36,,89.74,
973,04/05/2022,01:57:36,,89.78,
974,04/05/2022,01:57:37,,89.83,
975,04/05/2022,01:57:37,,89.85,
976,04/05/2022,01:57:37,,89.89,
977,04/05/2022,01:57:37,,89.94,
978,04/05/2022,01:57:37,,89.99,
979,04/05/2022,01:57:38,,90.04,
980,04/05/2022,01:57:38,,90.06,
981,04/05/2022,01:57:38,,90.11,
982,04/05/2022,01:57:38,,90.16,
983,04/05/2022,01:57:38,,90.21,
984,04/05/2022,01:57:39,,90.26,
985,04/05/2022,01:57:39,,90.28,
986,04/05/2022,01:57:39,,90.32,
987,04/05/2022,01:57:39,,90.37,
988,04/05/2022,01:57:39,,90.41,
989,04/05/2022,01:57:39,,90.46,
990,04/05/2022,01:57:40,,90.48,
991,04/05/2022,01:57:40,,90.53,
992,04/05/2022,01:57:40,,90.58,
993,04/05/2022,01:57:40,,90.62,
994,04/05/2022,01:57:40,,90.66,
995,04/05/2022,01:57:41,,90.69,
996,04/05/2022,01:57:41,,90.74,
997,04/05/2022,01:57:41,,90.78,
998,04/05/2022,01:57:41,,90.83,
999,04/05/2022,01:57:41,,90.88,
1000,04/05/2022,01:57:42,,90.90,
1001,04/05/2022,01:57:42,,90.95,
1002,04/05/2022,01:57:42,,91.00,
1003,04/05/2022,01:57:42,,91.04,
1004,04/05/2022,01:57:42,,91.08,
1005,04/05/2022,01:57:42,,91.10,
1006,04/05/2022,01:57:43,,91.16,
1007,04/05/2022,01:57:43,,91.20,
1008,04/05/2022,01:57:43,,91.25,
1009,04/05/2022,01:57:43,,91.29,
1010,04/05/2022,01:57:43,,91.32,
1011,04/05/2022,01:57:44,,91.36,
1012,04/05/2022,01:57:44,,91.40,
1013,04/05/2022,01:57:44,,91.45,
1014,04/05/2022,01:57:44,,91.50,
1015,04/05/2022,01:57:44,,91.52,
1016,04/05/2022,01:57:45,,91.57,
1017,04/05/2022,01:57:45,,91.61,
1018,04/05/2022,01:57:45,,91.66,
1019,04/05/2022,01:57:45,,91.72,
1020,04/05/2022,01:57:45,,91.74,
1021,04/05/2022,01:57:46,,91.79,
1022,04/05/2022,01:57:46,,91.84,
1023,04/05/2022,01:57:46,,91.89,
1024,04/05/2022,01:57:46,,91.93,
1025,04/05/2022,01:57:46,,91.96,
1026,04/05/2022,01:57:47,,92.00,
1027,04/05/2022,01:57:47,,92.05,
1028,04/05/2022,01:57:47,,92.09,
1029,04/05/2022,01:57:47,,92.14,
1030,04/05/2022,01:57:47,,92.17,
1031,04/05/2022,01:57:47,,92.21,
1032,04/05/2022,01:57:48,,92.26,
1033,04/05/2022,01:57:48,,92.30,
1034,04/05/2022,01:57:48,,92.35,
1035,04/05/2022,01:57:48,,92.37,
1036,04/05/2022,01:57:48,,92.42,
1037,04/05/2022,01:57:49,,92.47,
1038,04/05/2022,01:57:49,,92.51,
1039,04/05/2022,01:57:49,,92.55,
1040,04/05/2022,01:57:49,,92.57,
1041,04/05/2022,01:57:49,,92.61,
1042,04/05/2022,01:57:50,,92.65,
1043,04/05/2022,01:57:50,,92.69,
1044,04/05/2022,01:57:50,,92.73,
1045,04/05/2022,01:57:50,,92.75,
1046,04/05/2022,01:57:50,,92.79,
1047,04/05/2022,01:57:51,,92.82,
1048,04/05/2022,01:57:51,,92.86,
1049,04/05/2022,01:57:51,,92.90,
1050,04/05/2022,01:57:51,,92.92,
1051,04/05/2022,01:57:51,,92.96,
1052,04/05/2022,01:57:52,,93.00,
1053,04/05/2022,01:57:52,,93.05,
1054,04/05/2022,01:57:52,,93.09,
1055,04/05/2022,01:57:52,,93.12,
1056,04/05/2022,01:57:52,,93.15,
1057,04/05/2022,01:57:53,,93.20,
1058,04/05/2022,01:57:53,,93.24,
1059,04/05/2022,01:57:53,,93.29,
1060,04/05/2022,01:57:53,,93.30,
1061,04/05/2022,01:57:53,,93.36,
1062,04/05/2022,01:57:53,,93.39,
1063,04/05/2022,01:57:54,,93.44,
1064,04/05/2022,01:57:54,,93.48,
1065,04/05/2022,01:57:54,,93.50,
1066,04/05/2022,01:57:54,,93.54,
1067,04/05/2022,01:57:54,,93.58,
1068,04/05/2022,01:57:55,,93.62,
1069,04/05/2022,01:57:55,,93.66,
1070,04/05/2022,01:57:55,,93.68,
1071,04/05/2022,01:57:55,,93.73,
1072,04/05/2022,01:57:55,,93.77,
1073,04/05/2022,01:57:56,,93.81,
1074,04/05/2022,01:57:56,,93.86,
1075,04/05/2022,01:57:56,,93.88,
1076,04/05/2022,01:57:56,,93.92,
1077,04/05/2022,01:57:56,,93.97,
1078,04/05/2022,01:57:57,,94.01,
1079,04/05/2022,01:57:57,,94.05,
1080,04/05/2022,01:57:57,,94.07,
1081,04/05/2022,01:57:57,,94.11,
1082,04/05/2022,01:57:57,,94.16,
1083,04/05/2022,01:57:58,,94.20,
1084,04/05/2022,01:57:58,,94.25,
1085,04/05/2022,01:57:58,,94.28,
1086,04/05/2022,01:57:58,,94.32,
1087,04/05/2022,01:57:58,,94.36,
1088,04/05/2022,01:57:58,,94.41,
1089,04/05/2022,01:57:59,,94.45,
1090,04/05/2022,01:57:59,,94.47,
1091,04/05/2022,01:57:59,,94.51,
1092,04/05/2022,01:57:59,,94.55,
1093,04/05/2022,01:57:59,,94.60,
1094,04/05/2022,01:58:00,,94.64,
1095,04/05/2022,01:58:00,,94.66,
1096,04/05/2022,01:58:00,,94.70,
1097,04/05/2022,01:58:00,,94.75,
1098,04/05/2022,01:58:00,,94.80,
1099,04/05/2022,01:58:01,,94.85,
1100,04/05/2022,01:58:01,,94.87,
1101,04/05/2022,01:58:01,,94.92,
1102,04/05/2022,01:58:01,,94.96,
1103,04/05/2022,01:58:01,,95.01,
1104,04/05/2022,01:58:02,,95.06,
1105,04/05/2022,01:58:02,,95.08,
1106,04/05/2022,01:58:02,,95.12,
1107,04/05/2022,01:58:02,,95.17,
1108,04/05/2022,01:58:02,,95.21,
1109,04/05/2022,01:58:03,,95.25,
1110,04/05/2022,01:58:03,,95.27,
1111,04/05/2022,01:58:03,,95.32,
1112,04/05/2022,01:58:03,,95.37,
1113,04/05/2022,01:58:03,,95.42,
1114,04/05/2022,01:58:04,,95.46,
1115,04/05/2022,01:58:04,,95.48,
1116,04/05/2022,01:58:04,,95.53,
1117,04/05/2022,01:58:04,,95.57,
1118,04/05/2022,01:58:04,,95.62,
1119,04/05/2022,01:58:04,,95.66,
1120,04/05/2022,01:58:05,,95.68,
1121,04/05/2022,01:58:05,,95.73,
1122,04/05/2022,01:58:05,,95.77,
1123,04/05/2022,01:58:05,,95.81,
1124,04/05/2022,01:58:05,,95.86,
1125,04/05/2022,01:58:06,,95.88,
1126,04/05/2022,01:58:06,,95.93,
1127,04/05/2022,01:58:06,,95.97,
1128,04/05/2022,01:58:06,,96.02,
1129,04/05/2022,01:58:06,,96.07,
1130,04/05/2022,01:58:06,,96.09,
1131,04/05/2022,01:58:07,,96.13,
1132,04/05/2022,01:58:07,,96.18,
1133,04/05/2022,01:58:07,,96.23,
1134,04/05/2022,01:58:07,,96.27,
1135,04/05/2022,01:58:07,,96.29,
1136,04/05/2022,01:58:08,,96.34,
1137,04/05/2022,01:58:08,,96.38,
1138,04/05/2022,01:58:08,,96.42,
1139,04/05/2022,01:58:08,,96.47,
1140,04/05/2022,01:58:08,,96.49,
1141,04/05/2022,01:58:09,,96.54,
1142,04/05/2022,01:58:09,,96.58,
1143,04/05/2022,01:58:09,,96.63,
1144,04/05/2022,01:58:09,,96.67,
1145,04/05/2022,01:58:09,,96.69,
1146,04/05/2022,01:58:10,,96.74,
1147,04/05/2022,01:58:10,,96.78,
1148,04/05/2022,01:58:10,,96.83,
1149,04/05/2022,01:58:10,,96.87,
1150,04/05/2022,01:58:10,,96.90,
1151,04/05/2022,01:58:11,,96.94,
1152,04/05/2022,01:58:11,,96.99,
1153,04/05/2022,01:58:11,,97.03,
1154,04/05/2022,01:58:11,,97.08,
1155,04/05/2022,01:58:11,,97.10,
1156,04/05/2022,01:58:11,,97.15,
1157,04/05/2022,01:58:12,,97.19,
1158,04/05/2022,01:58:12,,97.23,
1159,04/05/2022,01:58:12,,97.28,
1160,04/05/2022,01:58:12,,97.31,
1161,04/05/2022,01:58:12,,97.35,
1162,04/05/2022,01:58:13,,97.39,
1163,04/05/2022,01:58:13,,97.43,
1164,04/05/2022,01:58:13,,97.48,
1165,04/05/2022,01:58:13,,97.49,
1166,04/05/2022,01:58:13,,97.54,
1167,04/05/2022,01:58:14,,97.58,
1168,04/05/2022,01:58:14,,97.63,
1169,04/05/2022,01:58:14,,97.68,
1170,04/05/2022,01:58:14,,97.70,
1171,04/05/2022,01:58:14,,97.75,
1172,04/05/2022,01:58:15,,97.79,
1173,04/05/2022,01:58:15,,97.84,
1174,04/05/2022,01:58:15,,97.88,
1175,04/05/2022,01:58:15,,97.90,
1176,04/05/2022,01:58:15,,97.94,
1177,04/05/2022,01:58:16,,98.00,
1178,04/05/2022,01:58:16,,98.04,
1179,04/05/2022,01:58:16,,98.09,
1180,04/05/2022,01:58:16,,98.11,
1181,04/05/2022,01:58:16,,98.17,
1182,04/05/2022,01:58:17,,98.19,
1183,04/05/2022,01:58:17,,98.25,
1184,04/05/2022,01:58:17,,98.30,
1185,04/05/2022,01:58:17,,98.32,
1186,04/05/2022,01:58:17,,98.36,
1187,04/05/2022,01:58:17,,98.41,
1188,04/05/2022,01:58:18,,98.45,
1189,04/05/2022,01:58:18,,98.49,
1190,04/05/2022,01:58:18,,98.52,
1191,04/05/2022,01:58:18,,98.56,
1192,04/05/2022,01:58:18,,98.61,
1193,04/05/2022,01:58:19,,98.65,
1194,04/05/2022,01:58:19,,98.69,
1195,04/05/2022,01:58:19,,98.72,
1196,04/05/2022,01:58:19,,98.77,
1197,04/05/2022,01:58:19,,98.81,
1198,04/05/2022,01:58:20,,98.86,
1199,04/05/2022,01:58:20,,98.91,
1200,04/05/2022,01:58:20,,98.93,
1201,04/05/2022,01:58:20,,98.97,
1202,04/05/2022,01:58:20,,99.01,
1203,04/05/2022,01:58:21,,99.05,
1204,04/05/2022,01:58:21,,99.10,
1205,04/05/2022,01:58:21,,99.11,
1206,04/05/2022,01:58:21,,99.16,
1207,04/05/2022,01:58:21,,99.20,
1208,04/05/2022,01:58:22,,99.25,
1209,04/05/2022,01:58:22,,99.29,
1210,04/05/2022,01:58:22,,99.32,
1211,04/05/2022,01:58:22,,99.37,
1212,04/05/2022,01:58:22,,99.41,
1213,04/05/2022,01:58:22,,99.46,
1214,04/05/2022,01:58:23,,99.50,
1215,04/05/2022,01:58:23,,99.52,
1216,04/05/2022,01:58:23,,99.57,
1217,04/05/2022,01:58:23,,99.61,
1218,04/05/2022,01:58:23,,99.65,
1219,04/05/2022,01:58:24,,99.70,
1220,04/05/2022,01:58:24,,99.72,
1221,04/05/2022,01:58:24,,99.77,
1222,04/05/2022,01:58:24,,99.82,
1223,04/05/2022,01:58:24,,99.87,
1224,04/05/2022,01:58:25,,99.91,
1225,04/05/2022,01:58:25,,99.92,
1226,04/05/2022,01:58:25,,99.96,
1227,04/05/2022,01:58:25,,100.00,
1228,04/05/2022,01:58:25,,100.05,
1229,04/05/2022,01:58:26,,100.10,
1230,04/05/2022,01:58:26,,100.12,
1231,04/05/2022,01:58:26,,100.17,
1232,04/05/2022,01:58:26,,100.21,
1233,04/05/2022,01:58:26,,100.29,
1234,04/05/2022,01:58:27,,100.44,
1235,04/05/2022,01:58:27,,100.54,
1236,04/05/2022,01:58:27,,100.73,
1237,04/05/2022,01:58:27,,100.96,
1238,04/05/2022,01:58:27,,101.15,
1239,04/05/2022,01:58:27,,101.28,
1240,04/05/2022,01:58:28,,101.33,
1241,04/05/2022,01:58:28,,101.41,
1242,04/05/2022,01:58:28,,101.47,
1243,04/05/2022,01:58:28,,101.53,
1244,04/05/2022,01:58:28,,101.58,
1245,04/05/2022,01:58:29,,101.60,
1246,04/05/2022,01:58:29,,101.65,
1247,04/05/2022,01:58:29,,101.69,
1248,04/05/2022,01:58:29,,101.72,
1249,04/05/2022,01:58:29,,101.75,
1250,04/05/2022,01:58:30,,101.77,
1251,04/05/2022,01:58:30,,101.79,
1252,04/05/2022,01:58:30,,101.82,
1253,04/05/2022,01:58:30,,101.85,
1254,04/05/2022,01:58:30,,101.89,
1255,04/05/2022,01:58:30,,101.90,
1256,04/05/2022,01:58:31,,101.94,
1257,04/05/2022,01:58:31,,101.98,
1258,04/05/2022,01:58:31,,102.03,
1259,04/05/2022,01:58:31,,102.07,
1260,04/05/2022,01:58:31,,102.09,
1261,04/05/2022,01:58:32,,102.13,
1262,04/05/2022,01:58:32,,102.18,
1263,04/05/2022,01:58:32,,102.23,
1264,04/05/2022,01:58:32,,102.28,
1265,04/05/2022,01:58:32,,102.30,
1266,04/05/2022,01:58:33,,102.36,
1267,04/05/2022,01:58:33,,102.41,
1268,04/05/2022,01:58:33,,102.45,
1269,04/05/2022,01:58:33,,102.50,
1270,04/05/2022,01:58:33,,102.53,
1271,04/05/2022,01:58:34,,102.57,
1272,04/05/2022,01:58:34,,102.62,
1273,04/05/2022,01:58:34,,102.68,
1274,04/05/2022,01:58:34,,102.73,
1275,04/05/2022,01:58:34,,102.76,
1276,04/05/2022,01:58:35,,102.82,
1277,04/05/2022,01:58:35,,102.87,
1278,04/05/2022,01:58:35,,102.92,
1279,04/05/2022,01:58:35,,102.98,
1280,04/05/2022,01:58:35,,103.00,
1281,04/05/2022,01:58:35,,103.05,
1282,04/05/2022,01:58:36,,103.10,
1283,04/05/2022,01:58:36,,103.15,
1284,04/05/2022,01:58:36,,103.19,
1285,04/05/2022,01:58:36,,103.22,
1286,04/05/2022,01:58:36,,103.28,
1287,04/05/2022,01:58:37,,103.33,
1288,04/05/2022,01:58:37,,103.38,
1289,04/05/2022,01:58:37,,103.44,
1290,04/05/2022,01:58:37,,103.47,
1291,04/05/2022,01:58:37,,103.52,
1292,04/05/2022,01:58:38,,103.57,
1293,04/05/2022,01:58:38,,103.62,
1294,04/05/2022,01:58:38,,103.67,
1295,04/05/2022,01:58:38,,103.69,
1296,04/05/2022,01:58:38,,103.75,
1297,04/05/2022,01:58:39,,103.80,
1298,04/05/2022,01:58:39,,103.85,
1299,04/05/2022,01:58:39,,103.91,
1300,04/05/2022,01:58:39,,103.94,
1301,04/05/2022,01:58:39,,104.00,
1302,04/05/2022,01:58:40,,104.05,
1303,04/05/2022,01:58:40,,104.09,
1304,04/05/2022,01:58:40,,104.13,
1305,04/05/2022,01:58:40,,104.15,
1306,04/05/2022,01:58:40,,104.22,
1307,04/05/2022,01:58:41,,104.29,
1308,04/05/2022,01:58:41,,104.35,
1309,04/05/2022,01:58:41,,104.42,
1310,04/05/2022,01:58:41,,104.46,
1311,04/05/2022,01:58:41,,104.49,
1312,04/05/2022,01:58:41,,104.54,
1313,04/05/2022,01:58:42,,104.57,
1314,04/05/2022,01:58:42,,104.63,
1315,04/05/2022,01:58:42,,104.64,
1316,04/05/2022,01:58:42,,104.71,
1317,04/05/2022,01:58:42,,104.74,
1318,04/05/2022,01:58:43,,104.81,
1319,04/05/2022,01:58:43,,104.85,
1320,04/05/2022,01:58:43,,104.88,
1321,04/05/2022,01:58:43,,104.92,
1322,04/05/2022,01:58:43,,105.00,
1323,04/05/2022,01:58:44,,105.03,
1324,04/05/2022,01:58:44,,105.09,
1325,04/05/2022,01:58:44,,105.11,
1326,04/05/2022,01:58:44,,105.17,
1327,04/05/2022,01:58:44,,105.22,
1328,04/05/2022,01:58:45,,105.28,
1329,04/05/2022,01:58:45,,105.33,
1330,04/05/2022,01:58:45,,105.36,
1331,04/05/2022,01:58:45,,105.41,
1332,04/05/2022,01:58:45,,105.46,
1333,04/05/2022,01:58:46,,105.51,
1334,04/05/2022,01:58:46,,105.56,
1335,04/05/2022,01:58:46,,105.60,
1336,04/05/2022,01:58:46,,105.65,
1337,04/05/2022,01:58:46,,105.70,
1338,04/05/2022,01:58:46,,105.75,
1339,04/05/2022,01:58:47,,105.78,
1340,04/05/2022,01:58:47,,105.79,
1341,04/05/2022,01:58:47,,105.88,
1342,04/05/2022,01:58:47,,105.95,
1343,04/05/2022,01:58:47,,106.01,
1344,04/05/2022,01:58:48,,106.09,
1345,04/05/2022,01:58:48,,106.11,
1346,04/05/2022,01:58:48,,106.16,
1347,04/05/2022,01:58:48,,106.20,
1348,04/05/2022,01:58:48,,106.23,
1349,04/05/2022,01:58:49,,106.28,
1350,04/05/2022,01:58:49,,106.32,
1351,04/05/2022,01:58:49,,106.35,
1352,04/05/2022,01:58:49,,106.42,
1353,04/05/2022,01:58:49,,106.49,
1354,04/05/2022,01:58:50,,106.54,
1355,04/05/2022,01:58:50,,106.56,
1356,04/05/2022,01:58:50,,106.61,
1357,04/05/2022,01:58:50,,106.65,
1358,04/05/2022,01:58:50,,106.71,
1359,04/05/2022,01:58:51,,106.76,
1360,04/05/2022,01:58:51,,106.79,
1361,04/05/2022,01:58:51,,106.83,
1362,04/05/2022,01:58:51,,106.89,
1363,04/05/2022,01:58:51,,106.93,
1364,04/05/2022,01:58:51,,106.99,
1365,04/05/2022,01:58:52,,107.01,
1366,04/05/2022,01:58:52,,107.07,
1367,04/05/2022,01:58:52,,107.12,
1368,04/05/2022,01:58:52,,107.18,
1369,04/05/2022,01:58:52,,107.22,
1370,04/05/2022,01:58:53,,107.25,
1371,04/05/2022,01:58:53,,107.30,
1372,04/05/2022,01:58:53,,107.35,
1373,04/05/2022,01:58:53,,107.40,
1374,04/05/2022,01:58:53,,107.45,
1375,04/05/2022,01:58:54,,107.48,
1376,04/05/2022,01:58:54,,107.52,
1377,04/05/2022,01:58:54,,107.58,
1378,04/05/2022,01:58:54,,107.62,
1379,04/05/2022,01:58:54,,107.68,
1380,04/05/2022,01:58:54,,107.71,
1381,04/05/2022,01:58:55,,107.77,
1382,04/05/2022,01:58:55,,107.82,
1383,04/05/2022,01:58:55,,107.88,
1384,04/05/2022,01:58:55,,107.93,
1385,04/05/2022,01:58:55,,107.95,
1386,04/05/2022,01:58:56,,108.00,
1387,04/05/2022,01:58:56,,108.06,
1388,04/05/2022,01:58:56,,108.11,
1389,04/05/2022,01:58:56,,108.17,
1390,04/05/2022,01:58:56,,108.20,
1391,04/05/2022,01:58:57,,108.25,
1392,04/05/2022,01:58:57,,108.31,
1393,04/05/2022,01:58:57,,108.36,
1394,04/05/2022,01:58:57,,108.41,
1395,04/05/2022,01:58:57,,108.43,
1396,04/05/2022,01:58:58,,108.49,
1397,04/05/2022,01:58:58,,108.54,
1398,04/05/2022,01:58:58,,108.59,
1399,04/05/2022,01:58:58,,108.65,
1400,04/05/2022,01:58:58,,108.68,
1401,04/05/2022,01:58:59,,108.74,
1402,04/05/2022,01:58:59,,108.80,
1403,04/05/2022,01:58:59,,108.85,
1404,04/05/2022,01:58:59,,108.90,
1405,04/05/2022,01:58:59,,108.93,
1406,04/05/2022,01:58:59,,108.98,
1407,04/05/2022,01:59:00,,109.03,
1408,04/05/2022,01:59:00,,109.08,
1409,04/05/2022,01:59:00,,109.13,
1410,04/05/2022,01:59:00,,109.16,
1411,04/05/2022,01:59:00,,109.21,
1412,04/05/2022,01:59:01,,109.26,
1413,04/05/2022,01:59:01,,109.32,
1414,04/05/2022,01:59:01,,109.37,
1415,04/05/2022,01:59:01,,109.39,
1416,04/05/2022,01:59:01,,109.44,
1417,04/05/2022,01:59:02,,109.50,
1418,04/05/2022,01:59:02,,109.55,
1419,04/05/2022,01:59:02,,109.60,
1420,04/05/2022,01:59:02,,109.64,
1421,04/05/2022,01:59:02,,109.69,
1422,04/05/2022,01:59:03,,109.73,
1423,04/05/2022,01:59:03,,109.79,
1424,04/05/2022,01:59:03,,109.84,
1425,04/05/2022,01:59:03,,109.86,
1426,04/05/2022,01:59:03,,109.91,
1427,04/05/2022,01:59:04,,109.97,
1428,04/05/2022,01:59:04,,110.02,
1429,04/05/2022,01:59:04,,110.07,
1430,04/05/2022,01:59:04,,110.10,
1431,04/05/2022,01:59:04,,110.15,
1432,04/05/2022,01:59:05,,110.21,
1433,04/05/2022,01:59:05,,110.25,
1434,04/05/2022,01:59:05,,110.31,
1435,04/05/2022,01:59:05,,110.33,
1436,04/05/2022,01:59:05,,110.39,
1437,04/05/2022,01:59:05,,110.44,
1438,04/05/2022,01:59:06,,110.49,
1439,04/05/2022,01:59:06,,110.55,
1440,04/05/2022,01:59:06,,110.58,
1441,04/05/2022,01:59:06,,110.63,
1442,04/05/2022,01:59:06,,110.68,
1443,04/05/2022,01:59:07,,110.74,
1444,04/05/2022,01:59:07,,110.79,
1445,04/05/2022,01:59:07,,110.82,
1446,04/05/2022,01:59:07,,110.88,
1447,04/05/2022,01:59:07,,110.93,
1448,04/05/2022,01:59:08,,110.98,
1449,04/05/2022,01:59:08,,111.03,
1450,04/05/2022,01:59:08,,111.05,
1451,04/05/2022,01:59:08,,111.10,
1452,04/05/2022,01:59:08,,111.15,
1453,04/05/2022,01:59:09,,111.21,
1454,04/05/2022,01:59:09,,111.27,
1455,04/05/2022,01:59:09,,111.30,
1456,04/05/2022,01:59:09,,111.35,
1457,04/05/2022,01:59:09,,111.41,
1458,04/05/2022,01:59:10,,111.45,
1459,04/05/2022,01:59:10,,111.51,
1460,04/05/2022,01:59:10,,111.54,
1461,04/05/2022,01:59:10,,111.59,
1462,04/05/2022,01:59:10,,111.63,
1463,04/05/2022,01:59:10,,111.69,
1464,04/05/2022,01:59:11,,111.74,
1465,04/05/2022,01:59:11,,111.77,
1466,04/05/2022,01:59:11,,111.82,
1467,04/05/2022,01:59:11,,111.88,
1468,04/05/2022,01:59:11,,111.92,
1469,04/05/2022,01:59:12,,111.98,
1470,04/05/2022,01:59:12,,112.00,
1471,04/05/2022,01:59:12,,112.06,
1472,04/05/2022,01:59:12,,112.11,
1473,04/05/2022,01:59:12,,112.17,
1474,04/05/2022,01:59:13,,112.22,
1475,04/05/2022,01:59:13,,112.25,
1476,04/05/2022,01:59:13,,112.29,
1477,04/05/2022,01:59:13,,112.35,
1478,04/05/2022,01:59:13,,112.40,
1479,04/05/2022,01:59:14,,112.45,
1480,04/05/2022,01:59:14,,112.48,
1481,04/05/2022,01:59:14,,112.53,
1482,04/05/2022,01:59:14,,112.58,
1483,04/05/2022,01:59:14,,112.63,
1484,04/05/2022,01:59:15,,112.68,
1485,04/05/2022,01:59:15,,112.71,
1486,04/05/2022,01:59:15,,112.76,
1487,04/05/2022,01:59:15,,112.81,
1488,04/05/2022,01:59:15,,112.86,
1489,04/05/2022,01:59:15,,112.91,
1490,04/05/2022,01:59:16,,112.94,
1491,04/05/2022,01:59:16,,112.99,
1492,04/05/2022,01:59:16,,113.05,
1493,04/05/2022,01:59:16,,113.10,
1494,04/05/2022,01:59:16,,113.16,
1495,04/05/2022,01:59:17,,113.18,
1496,04/05/2022,01:59:17,,113.24,
1497,04/05/2022,01:59:17,,113.29,
1498,04/05/2022,01:59:17,,113.35,
1499,04/05/2022,01:59:17,,113.41,
1500,04/05/2022,01:59:18,,113.44,
1501,04/05/2022,01:59:18,,113.48,
1502,04/05/2022,01:59:18,,113.55,
1503,04/05/2022,01:59:18,,113.61,
1504,04/05/2022,01:59:18,,113.64,
1505,04/05/2022,01:59:18,,113.68,
1506,04/05/2022,01:59:19,,113.72,
1507,04/05/2022,01:59:19,,113.76,
1508,04/05/2022,01:59:19,,113.80,
1509,04/05/2022,01:59:19,,113.86,
1510,04/05/2022,01:59:19,,113.88,
1511,04/05/2022,01:59:20,,113.95,
1512,04/05/2022,01:59:20,,114.01,
1513,04/05/2022,01:59:20,,114.07,
1514,04/05/2022,01:59:20,,114.12,
1515,04/05/2022,01:59:20,,114.15,
1516,04/05/2022,01:59:21,,114.20,
1517,04/05/2022,01:59:21,,114.24,
1518,04/05/2022,01:59:21,,114.30,
1519,04/05/2022,01:59:21,,114.35,
1520,04/05/2022,01:59:21,,114.38,
1521,04/05/2022,01:59:22,,114.44,
1522,04/05/2022,01:59:22,,114.49,
1523,04/05/2022,01:59:22,,114.54,
1524,04/05/2022,01:59:22,,114.59,
1525,04/05/2022,01:59:22,,114.63,
1526,04/05/2022,01:59:23,,114.68,
1527,04/05/2022,01:59:23,,114.73,
1528,04/05/2022,01:59:23,,114.78,
1529,04/05/2022,01:59:23,,114.84,
1530,04/05/2022,01:59:23,,114.84,
1531,04/05/2022,01:59:23,,114.91,
1532,04/05/2022,01:59:24,,114.96,
1533,04/05/2022,01:59:24,,115.02,
1534,04/05/2022,01:59:24,,115.07,
1535,04/05/2022,01:59:24,,115.11,
1536,04/05/2022,01:59:24,,115.15,
1537,04/05/2022,01:59:25,,115.20,
1538,04/05/2022,01:59:25,,115.23,
1539,04/05/2022,01:59:25,,115.27,
1540,04/05/2022,01:59:25,,115.32,
1541,04/05/2022,01:59:25,,115.37,
1542,04/05/2022,01:59:26,,115.43,
1543,04/05/2022,01:59:26,,115.50,
1544,04/05/2022,01:59:26,,115.58,
1545,04/05/2022,01:59:26,,115.58,
1546,04/05/2022,01:59:26,,115.63,
1547,04/05/2022,01:59:27,,115.68,
1548,04/05/2022,01:59:27,,115.74,
1549,04/05/2022,01:59:27,,115.79,
1550,04/05/2022,01:59:27,,115.81,
1551,04/05/2022,01:59:27,,115.87,
1552,04/05/2022,01:59:28,,115.92,
1553,04/05/2022,01:59:28,,115.97,
1554,04/05/2022,01:59:28,,116.02,
1555,04/05/2022,01:59:28,,116.04,
1556,04/05/2022,01:59:28,,116.10,
1557,04/05/2022,01:59:29,,116.24,
1558,04/05/2022,01:59:29,,116.21,
1559,04/05/2022,01:59:29,,116.26,
1560,04/05/2022,01:59:29,,116.33,
1561,04/05/2022,01:59:29,,116.34,
1562,04/05/2022,01:59:29,,116.34,
1563,04/05/2022,01:59:30,,116.28,
1564,04/05/2022,01:59:30,,116.30,
1565,04/05/2022,01:59:30,,116.40,
1566,04/05/2022,01:59:30,,116.44,
1567,04/05/2022,01:59:30,,116.64,
1568,04/05/2022,01:59:30,,116.66,
1569,04/05/2022,01:59:31,,116.71,
1570,04/05/2022,01:59:31,,116.76,
1571,04/05/2022,01:59:31,,116.83,
1572,04/05/2022,01:59:31,,116.85,
1573,04/05/2022,01:59:31,,116.94,
1574,04/05/2022,01:59:32,,117.02,
1575,04/05/2022,01:59:32,,117.07,
1576,04/05/2022,01:59:32,,117.08,
1577,04/05/2022,01:59:32,,117.11,
1578,04/05/2022,01:59:32,,117.13,
1579,04/05/2022,01:59:32,,117.16,
1580,04/05/2022,01:59:33,,117.16,
1581,04/05/2022,01:59:33,,117.19,
1582,04/05/2022,01:59:33,,117.22,
1583,04/05/2022,01:59:33,,117.26,
1584,04/05/2022,01:59:33,,117.27,
1585,04/05/2022,01:59:33,,117.31,
1586,04/05/2022,01:59:34,,117.34,
1587,04/05/2022,01:59:34,,117.38,
1588,04/05/2022,01:59:34,,117.38,
1589,04/05/2022,01:59:34,,117.42,
1590,04/05/2022,01:59:34,,117.45,
1591,04/05/2022,01:59:35,,117.50,
1592,04/05/2022,01:59:35,,117.51,
1593,04/05/2022,01:59:35,,117.56,
1594,04/05/2022,01:59:35,,117.61,
1595,04/05/2022,01:59:35,,117.65,
1596,04/05/2022,01:59:35,,117.66,
1597,04/05/2022,01:59:35,,117.70,
1598,04/05/2022,01:59:36,,117.74,
1599,04/05/2022,01:59:36,,117.78,
1600,04/05/2022,01:59:36,,117.79,
1601,04/05/2022,01:59:36,,117.84,
1602,04/05/2022,01:59:36,,117.88,
1603,04/05/2022,01:59:37,,117.92,
1604,04/05/2022,01:59:37,,117.93,
1605,04/05/2022,01:59:37,,117.97,
1606,04/05/2022,01:59:37,,118.01,
1607,04/05/2022,01:59:37,,118.06,
1608,04/05/2022,01:59:37,,118.07,
1609,04/05/2022,01:59:38,,118.11,
1610,04/05/2022,01:59:38,,118.16,
1611,04/05/2022,01:59:38,,118.20,
1612,04/05/2022,01:59:38,,118.21,
1613,04/05/2022,01:59:38,,118.26,
1614,04/05/2022,01:59:38,,118.30,
1615,04/05/2022,01:59:39,,118.35,
1616,04/05/2022,01:59:39,,118.36,
1617,04/05/2022,01:59:39,,118.41,
1618,04/05/2022,01:59:39,,118.45,
1619,04/05/2022,01:59:39,,118.50,
1620,04/05/2022,01:59:39,,118.51,
1621,04/05/2022,01:59:40,,118.56,
1622,04/05/2022,01:59:40,,118.61,
1623,04/05/2022,01:59:40,,118.66,
1624,04/05/2022,01:59:40,,118.67,
1625,04/05/2022,01:59:40,,118.71,
1626,04/05/2022,01:59:41,,118.75,
1627,04/05/2022,01:59:41,,118.79,
1628,04/05/2022,01:59:41,,118.80,
1629,04/05/2022,01:59:41,,118.86,
1630,04/05/2022,01:59:41,,118.90,
1631,04/05/2022,01:59:41,,118.95,
1632,04/05/2022,01:59:42,,118.96,
1633,04/05/2022,01:59:42,,119.00,
1634,04/05/2022,01:59:42,,119.04,
1635,04/05/2022,01:59:42,,119.08,
1636,04/05/2022,01:59:42,,119.10,
1637,04/05/2022,01:59:42,,119.15,
1638,04/05/2022,01:59:43,,119.20,
1639,04/05/2022,01:59:43,,119.24,
1640,04/05/2022,01:59:43,,119.25,
1641,04/05/2022,01:59:43,,119.30,
1642,04/05/2022,01:59:43,,119.35,
1643,04/05/2022,01:59:44,,119.40,
1644,04/05/2022,01:59:44,,119.41,
1645,04/05/2022,01:59:44,,119.45,
1646,04/05/2022,01:59:44,,119.50,
1647,04/05/2022,01:59:44,,119.54,
1648,04/05/2022,01:59:44,,119.55,
1649,04/05/2022,01:59:45,,119.61,
1650,04/05/2022,01:59:45,,119.66,
1651,04/05/2022,01:59:45,,119.71,
1652,04/05/2022,01:59:45,,119.71,
1653,04/05/2022,01:59:45,,119.76,
1654,04/05/2022,01:59:45,,119.81,
1655,04/05/2022,01:59:46,,119.86,
1656,04/05/2022,01:59:46,,119.87,
1657,04/05/2022,01:59:46,,119.91,
1658,04/05/2022,01:59:46,,119.96,
1659,04/05/2022,01:59:46,,120.00,
1660,04/05/2022,01:59:46,,120.01,
1661,04/05/2022,01:59:47,,120.06,
1662,04/05/2022,01:59:47,,120.11,
1663,04/05/2022,01:59:47,,120.16,
1664,04/05/2022,01:59:47,,120.17,
1665,04/05/2022,01:59:47,,120.22,
1666,04/05/2022,01:59:47,,120.26,
1667,04/05/2022,01:59:48,,120.31,
1668,04/05/2022,01:59:48,,120.32,
1669,04/05/2022,01:59:48,,120.36,
1670,04/05/2022,01:59:48,,120.41,
1671,04/05/2022,01:59:48,,120.46,
1672,04/05/2022,01:59:48,,120.47,
1673,04/05/2022,01:59:49,,120.51,
1674,04/05/2022,01:59:49,,120.56,
1675,04/05/2022,01:59:49,,120.60,
1676,04/05/2022,01:59:49,,120.62,
1677,04/05/2022,01:59:49,,120.67,
1678,04/05/2022,01:59:50,,120.72,
1679,04/05/2022,01:59:50,,120.76,
1680,04/05/2022,01:59:50,,120.77,
1681,04/05/2022,01:59:50,,120.81,
1682,04/05/2022,01:59:50,,120.86,
1683,04/05/2022,01:59:50,,120.91,
1684,04/05/2022,01:59:51,,120.93,
1685,04/05/2022,01:59:51,,120.98,
1686,04/05/2022,01:59:51,,121.02,
1687,04/05/2022,01:59:51,,121.07,
1688,04/05/2022,01:59:51,,121.08,
1689,04/05/2022,01:59:51,,121.12,
1690,04/05/2022,01:59:52,,121.17,
1691,04/05/2022,01:59:52,,121.22,
1692,04/05/2022,01:59:52,,121.23,
1693,04/05/2022,01:59:52,,121.28,
1694,04/05/2022,01:59:52,,121.33,
1695,04/05/2022,01:59:53,,121.37,
1696,04/05/2022,01:59:53,,121.38,
1697,04/05/2022,01:59:53,,121.44,
1698,04/05/2022,01:59:53,,121.48,
1699,04/05/2022,01:59:53,,121.53,
1700,04/05/2022,01:59:53,,121.53,
1701,04/05/2022,01:59:54,,121.58,
1702,04/05/2022,01:59:54,,121.63,
1703,04/05/2022,01:59:54,,121.68,
1704,04/05/2022,01:59:54,,121.70,
1705,04/05/2022,01:59:54,,121.73,
1706,04/05/2022,01:59:54,,121.78,
1707,04/05/2022,01:59:55,,121.83,
1708,04/05/2022,01:59:55,,121.84,
1709,04/05/2022,01:59:55,,121.89,
1710,04/05/2022,01:59:55,,121.93,
1711,04/05/2022,01:59:55,,121.98,
1712,04/05/2022,01:59:55,,121.99,
1713,04/05/2022,01:59:56,,122.03,
1714,04/05/2022,01:59:56,,122.08,
1715,04/05/2022,01:59:56,,122.13,
1716,04/05/2022,01:59:56,,122.14,
1717,04/05/2022,01:59:56,,122.18,
1718,04/05/2022,01:59:57,,122.23,
1719,04/05/2022,01:59:57,,122.28,
1720,04/05/2022,01:59:57,,122.29,
1721,04/05/2022,01:59:57,,122.34,
1722,04/05/2022,01:59:57,,122.39,
1723,04/05/2022,01:59:57,,122.43,
1724,04/05/2022,01:59:57,,122.44,
1725,04/05/2022,01:59:58,,122.49,
1726,04/05/2022,01:59:58,,122.54,
1727,04/05/2022,01:59:58,,122.59,
1728,04/05/2022,01:59:58,,122.60,
1729,04/05/2022,01:59:58,,122.65,
1730,04/05/2022,01:59:59,,122.70,
1731,04/05/2022,01:59:59,,122.75,
1732,04/05/2022,01:59:59,,122.76,
1733,04/05/2022,01:59:59,,122.81,
1734,04/05/2022,01:59:59,,122.85,
1735,04/05/2022,01:59:59,,122.90,
1736,04/05/2022,02:00:00,,122.91,
1737,04/05/2022,02:00:00,,122.95,
1738,04/05/2022,02:00:00,,122.99,
1739,04/05/2022,02:00:00,,123.04,
1740,04/05/2022,02:00:00,,123.05,
1741,04/05/2022,02:00:00,,123.11,
1742,04/05/2022,02:00:01,,123.15,
1743,04/05/2022,02:00:01,,123.20,
1744,04/05/2022,02:00:01,,123.22,
1745,04/05/2022,02:00:01,,123.26,
1746,04/05/2022,02:00:01,,123.30,
1747,04/05/2022,02:00:02,,123.35,
1748,04/05/2022,02:00:02,,123.36,
1749,04/05/2022,02:00:02,,123.41,
1750,04/05/2022,02:00:02,,123.46,
1751,04/05/2022,02:00:02,,123.50,
1752,04/05/2022,02:00:02,,123.52,
1753,04/05/2022,02:00:03,,123.56,
1754,04/05/2022,02:00:03,,123.61,
1755,04/05/2022,02:00:03,,123.66,
1756,04/05/2022,02:00:03,,123.66,
1757,04/05/2022,02:00:03,,123.72,
1758,04/05/2022,02:00:03,,123.76,
1759,04/05/2022,02:00:04,,123.81,
1760,04/05/2022,02:00:04,,123.83,
1761,04/05/2022,02:00:04,,123.87,
1762,04/05/2022,02:00:04,,123.92,
1763,04/05/2022,02:00:04,,123.96,
1764,04/05/2022,02:00:04,,123.97,
1765,04/05/2022,02:00:05,,124.01,
1766,04/05/2022,02:00:05,,124.06,
1767,04/05/2022,02:00:05,,124.10,
1768,04/05/2022,02:00:05,,124.11,
1769,04/05/2022,02:00:05,,124.17,
1770,04/05/2022,02:00:06,,124.21,
1771,04/05/2022,02:00:06,,124.25,
1772,04/05/2022,02:00:06,,124.27,
1773,04/05/2022,02:00:06,,124.32,
1774,04/05/2022,02:00:06,,124.37,
1775,04/05/2022,02:00:06,,124.41,
1776,04/05/2022,02:00:06,,124.42,
1777,04/05/2022,02:00:07,,124.46,
1778,04/05/2022,02:00:07,,124.51,
1779,04/05/2022,02:00:07,,124.57,
1780,04/05/2022,02:00:07,,124.58,
1781,04/05/2022,02:00:07,,124.62,
1782,04/05/2022,02:00:08,,124.66,
1783,04/05/2022,02:00:08,,124.70,
1784,04/05/2022,02:00:08,,124.72,
1785,04/05/2022,02:00:08,,124.77,
1786,04/05/2022,02:00:08,,124.81,
1787,04/05/2022,02:00:09,,124.86,
1788,04/05/2022,02:00:09,,124.88,
1789,04/05/2022,02:00:09,,124.92,
1790,04/05/2022,02:00:09,,124.97,
1791,04/05/2022,02:00:09,,125.01,
1792,04/05/2022,02:00:09,,125.02,
1793,04/05/2022,02:00:09,,125.07,
1794,04/05/2022,02:00:10,,125.12,
1795,04/05/2022,02:00:10,,125.16,
1796,04/05/2022,02:00:10,,125.17,
1797,04/05/2022,02:00:10,,125.22,
1798,04/05/2022,02:00:10,,125.27,
1799,04/05/2022,02:00:11,,125.32,
1800,04/05/2022,02:00:11,,125.33,
1801,04/05/2022,02:00:11,,125.37,
1802,04/05/2022,02:00:11,,125.42,
1803,04/05/2022,02:00:11,,125.46,
1804,04/05/2022,02:00:11,,125.47,
1805,04/05/2022,02:00:12,,125.51,
1806,04/05/2022,02:00:12,,125.55,
1807,04/05/2022,02:00:12,,125.60,
1808,04/05/2022,02:00:12,,125.61,
1809,04/05/2022,02:00:12,,125.65,
1810,04/05/2022,02:00:12,,125.70,
1811,04/05/2022,02:00:13,,125.75,
1812,04/05/2022,02:00:13,,125.77,
1813,04/05/2022,02:00:13,,125.81,
1814,04/05/2022,02:00:13,,125.86,
1815,04/05/2022,02:00:13,,125.90,
1816,04/05/2022,02:00:13,,125.91,
1817,04/05/2022,02:00:14,,125.97,
1818,04/05/2022,02:00:14,,126.01,
1819,04/05/2022,02:00:14,,126.06,
1820,04/05/2022,02:00:14,,126.07,
1821,04/05/2022,02:00:14,,126.11,
1822,04/05/2022,02:00:15,,126.16,
1823,04/05/2022,02:00:15,,126.21,
1824,04/05/2022,02:00:15,,126.23,
1825,04/05/2022,02:00:15,,126.28,
1826,04/05/2022,02:00:15,,126.32,
1827,04/05/2022,02:00:15,,126.37,
1828,04/05/2022,02:00:15,,126.38,
1829,04/05/2022,02:00:16,,126.42,
1830,04/05/2022,02:00:16,,126.47,
1831,04/05/2022,02:00:16,,126.51,
1832,04/05/2022,02:00:16,,126.52,
1833,04/05/2022,02:00:16,,126.58,
1834,04/05/2022,02:00:17,,126.62,
1835,04/05/2022,02:00:17,,126.67,
1836,04/05/2022,02:00:17,,126.68,
1837,04/05/2022,02:00:17,,126.72,
1838,04/05/2022,02:00:17,,126.77,
1839,04/05/2022,02:00:18,,126.81,
1840,04/05/2022,02:00:18,,126.83,
1841,04/05/2022,02:00:18,,126.88,
1842,04/05/2022,02:00:18,,126.92,
1843,04/05/2022,02:00:18,,126.97,
1844,04/05/2022,02:00:18,,126.98,
1845,04/05/2022,02:00:18,,127.03,
1846,04/05/2022,02:00:19,,127.07,
1847,04/05/2022,02:00:19,,127.12,
1848,04/05/2022,02:00:19,,127.13,
1849,04/05/2022,02:00:19,,127.17,
1850,04/05/2022,02:00:19,,127.22,
1851,04/05/2022,02:00:20,,127.27,
1852,04/05/2022,02:00:20,,127.28,
1853,04/05/2022,02:00:20,,127.33,
1854,04/05/2022,02:00:20,,127.37,
1855,04/05/2022,02:00:20,,127.41,
1856,04/05/2022,02:00:20,,127.42,
1857,04/05/2022,02:00:21,,127.47,
1858,04/05/2022,02:00:21,,127.51,
1859,04/05/2022,02:00:21,,127.56,
1860,04/05/2022,02:00:21,,127.57,
1861,04/05/2022,02:00:21,,127.61,
1862,04/05/2022,02:00:21,,127.66,
1863,04/05/2022,02:00:22,,127.71,
1864,04/05/2022,02:00:22,,127.72,
1865,04/05/2022,02:00:22,,127.77,
1866,04/05/2022,02:00:22,,127.82,
1867,04/05/2022,02:00:22,,127.86,
1868,04/05/2022,02:00:22,,127.87,
1869,04/05/2022,02:00:23,,127.91,
1870,04/05/2022,02:00:23,,127.96,
1871,04/05/2022,02:00:23,,128.00,
1872,04/05/2022,02:00:23,,128.02,
1873,04/05/2022,02:00:23,,128.06,
1874,04/05/2022,02:00:24,,128.10,
1875,04/05/2022,02:00:24,,128.15,
1876,04/05/2022,02:00:24,,128.16,
1877,04/05/2022,02:00:24,,128.21,
1878,04/05/2022,02:00:24,,128.26,
1879,04/05/2022,02:00:24,,128.31,
1880,04/05/2022,02:00:25,,128.32,
1881,04/05/2022,02:00:25,,128.36,
1882,04/05/2022,02:00:25,,128.40,
1883,04/05/2022,02:00:25,,128.45,
1884,04/05/2022,02:00:25,,128.46,
1885,04/05/2022,02:00:25,,128.51,
1886,04/05/2022,02:00:26,,128.55,
1887,04/05/2022,02:00:26,,128.60,
1888,04/05/2022,02:00:26,,128.61,
1889,04/05/2022,02:00:26,,128.65,
1890,04/05/2022,02:00:26,,128.71,
1891,04/05/2022,02:00:27,,128.76,
1892,04/05/2022,02:00:27,,128.76,
1893,04/05/2022,02:00:27,,128.82,
1894,04/05/2022,02:00:27,,128.86,
1895,04/05/2022,02:00:27,,128.90,
1896,04/05/2022,02:00:27,,128.91,
1897,04/05/2022,02:00:27,,128.95,
1898,04/05/2022,02:00:28,,129.00,
1899,04/05/2022,02:00:28,,129.04,
1900,04/05/2022,02:00:28,,129.05,
1901,04/05/2022,02:00:28,,129.09,
1902,04/05/2022,02:00:28,,129.14,
1903,04/05/2022,02:00:29,,129.18,
1904,04/05/2022,02:00:29,,129.20,
1905,04/05/2022,02:00:29,,129.26,
1906,04/05/2022,02:00:29,,129.31,
1907,04/05/2022,02:00:29,,129.37,
1908,04/05/2022,02:00:29,,129.38,
1909,04/05/2022,02:00:30,,129.42,
1910,04/05/2022,02:00:30,,129.46,
1911,04/05/2022,02:00:30,,129.51,
1912,04/05/2022,02:00:30,,129.52,
1913,04/05/2022,02:00:30,,129.55,
1914,04/05/2022,02:00:30,,129.61,
1915,04/05/2022,02:00:31,,129.64,
1916,04/05/2022,02:00:31,,129.66,
1917,04/05/2022,02:00:31,,129.71,
1918,04/05/2022,02:00:31,,129.75,
1919,04/05/2022,02:00:31,,129.81,
1920,04/05/2022,02:00:31,,129.81,
1921,04/05/2022,02:00:32,,129.86,
1922,04/05/2022,02:00:32,,129.90,
1923,04/05/2022,02:00:32,,129.94,
1924,04/05/2022,02:00:32,,129.96,
1925,04/05/2022,02:00:32,,130.00,
1926,04/05/2022,02:00:33,,130.05,
1927,04/05/2022,02:00:33,,130.10,
1928,04/05/2022,02:00:33,,130.12,
1929,04/05/2022,02:00:33,,130.16,
1930,04/05/2022,02:00:33,,130.21,
1931,04/05/2022,02:00:33,,130.26,
1932,04/05/2022,02:00:34,,130.25,
1933,04/05/2022,02:00:34,,130.30,
1934,04/05/2022,02:00:34,,130.35,
1935,04/05/2022,02:00:34,,130.39,
1936,04/05/2022,02:00:34,,130.38,
1937,04/05/2022,02:00:34,,130.42,
1938,04/05/2022,02:00:35,,130.45,
1939,04/05/2022,02:00:35,,130.52,
1940,04/05/2022,02:00:35,,130.57,
1941,04/05/2022,02:00:35,,130.65,
1942,04/05/2022,02:00:35,,130.71,
1943,04/05/2022,02:00:36,,130.73,
1944,04/05/2022,02:00:36,,130.74,
1945,04/05/2022,02:00:36,,130.76,
1946,04/05/2022,02:00:36,,130.80,
1947,04/05/2022,02:00:36,,130.84,
1948,04/05/2022,02:00:36,,130.86,
1949,04/05/2022,02:00:37,,130.91,
1950,04/05/2022,02:00:37,,130.95,
1951,04/05/2022,02:00:37,,130.99,
1952,04/05/2022,02:00:37,,131.00,
1953,04/05/2022,02:00:37,,131.05,
1954,04/05/2022,02:00:37,,131.10,
1955,04/05/2022,02:00:38,,131.15,
1956,04/05/2022,02:00:38,,131.17,
1957,04/05/2022,02:00:38,,131.21,
1958,04/05/2022,02:00:38,,131.25,
1959,04/05/2022,02:00:38,,131.31,
1960,04/05/2022,02:00:38,,131.31,
1961,04/05/2022,02:00:39,,131.35,
1962,04/05/2022,02:00:39,,131.41,
1963,04/05/2022,02:00:39,,131.46,
1964,04/05/2022,02:00:39,,131.49,
1965,04/05/2022,02:00:39,,131.53,
1966,04/05/2022,02:00:39,,131.56,
1967,04/05/2022,02:00:40,,131.60,
1968,04/05/2022,02:00:40,,131.60,
1969,04/05/2022,02:00:40,,131.65,
1970,04/05/2022,02:00:40,,131.70,
1971,04/05/2022,02:00:40,,131.74,
1972,04/05/2022,02:00:40,,131.76,
1973,04/05/2022,02:00:41,,131.79,
1974,04/05/2022,02:00:41,,131.86,
1975,04/05/2022,02:00:41,,131.89,
1976,04/05/2022,02:00:41,,131.91,
1977,04/05/2022,02:00:41,,131.97,
1978,04/05/2022,02:00:42,,132.00,
1979,04/05/2022,02:00:42,,132.05,
1980,04/05/2022,02:00:42,,132.06,
1981,04/05/2022,02:00:42,,132.09,
1982,04/05/2022,02:00:42,,132.15,
1983,04/05/2022,02:00:42,,132.19,
1984,04/05/2022,02:00:43,,132.21,
1985,04/05/2022,02:00:43,,132.25,
1986,04/05/2022,02:00:43,,132.30,
1987,04/05/2022,02:00:43,,132.34,
1988,04/05/2022,02:00:43,,132.36,
1989,04/05/2022,02:00:43,,132.41,
1990,04/05/2022,02:00:44,,132.44,
1991,04/05/2022,02:00:44,,132.50,
1992,04/05/2022,02:00:44,,132.50,
1993,04/05/2022,02:00:44,,132.55,
1994,04/05/2022,02:00:44,,132.59,
1995,04/05/2022,02:00:45,,132.64,
1996,04/05/2022,02:00:45,,132.66,
1997,04/05/2022,02:00:45,,132.70,
1998,04/05/2022,02:00:45,,132.76,
1999,04/05/2022,02:00:45,,132.80,
2000,04/05/2022,02:00:45,,132.81,
2001,04/05/2022,02:00:46,,132.86,
2002,04/05/2022,02:00:46,,132.90,
2003,04/05/2022,02:00:46,,132.95,
2004,04/05/2022,02:00:46,,132.95,
2005,04/05/2022,02:00:46,,133.00,
2006,04/05/2022,02:00:46,,133.04,
2007,04/05/2022,02:00:47,,133.09,
2008,04/05/2022,02:00:47,,133.10,
2009,04/05/2022,02:00:47,,133.15,
2010,04/05/2022,02:00:47,,133.19,
2011,04/05/2022,02:00:47,,133.24,
2012,04/05/2022,02:00:47,,133.25,
2013,04/05/2022,02:00:48,,133.29,
2014,04/05/2022,02:00:48,,133.33,
2015,04/05/2022,02:00:48,,133.38,
2016,04/05/2022,02:00:48,,133.39,
2017,04/05/2022,02:00:48,,133.44,
2018,04/05/2022,02:00:48,,133.49,
2019,04/05/2022,02:00:49,,133.53,
2020,04/05/2022,02:00:49,,133.55,
2021,04/05/2022,02:00:49,,133.58,
2022,04/05/2022,02:00:49,,133.64,
2023,04/05/2022,02:00:49,,133.67,
2024,04/05/2022,02:00:49,,133.67,
2025,04/05/2022,02:00:50,,133.77,
2026,04/05/2022,02:00:50,,133.79,
2027,04/05/2022,02:00:50,,133.85,
2028,04/05/2022,02:00:50,,133.89,
2029,04/05/2022,02:00:50,,133.87,
2030,04/05/2022,02:00:51,,133.95,
2031,04/05/2022,02:00:51,,133.99,
2032,04/05/2022,02:00:51,,134.00,
2033,04/05/2022,02:00:51,,134.05,
2034,04/05/2022,02:00:51,,134.12,
2035,04/05/2022,02:00:51,,134.17,
2036,04/05/2022,02:00:52,,134.23,
2037,04/05/2022,02:00:52,,134.20,
2038,04/05/2022,02:00:52,,134.25,
2039,04/05/2022,02:00:52,,134.25,
2040,04/05/2022,02:00:52,,134.23,
2041,04/05/2022,02:00:52,,134.33,
2042,04/05/2022,02:00:53,,134.36,
2043,04/05/2022,02:00:53,,134.44,
2044,04/05/2022,02:00:53,,134.45,
2045,04/05/2022,02:00:53,,134.49,
2046,04/05/2022,02:00:53,,134.54,
2047,04/05/2022,02:00:54,,134.57,
2048,04/05/2022,02:00:54,,134.57,
2049,04/05/2022,02:00:54,,134.63,
2050,04/05/2022,02:00:54,,134.68,
2051,04/05/2022,02:00:54,,134.76,
2052,04/05/2022,02:00:54,,134.78,
2053,04/05/2022,02:00:55,,134.81,
2054,04/05/2022,02:00:55,,134.85,
2055,04/05/2022,02:00:55,,134.87,
2056,04/05/2022,02:00:55,,134.89,
2057,04/05/2022,02:00:55,,134.92,
2058,04/05/2022,02:00:55,,134.98,
2059,04/05/2022,02:00:56,,135.27,
2060,04/05/2022,02:00:56,,135.34,
2061,04/05/2022,02:00:56,,135.65,
2062,04/05/2022,02:00:56,,135.93,
2063,04/05/2022,02:00:56,,136.02,
2064,04/05/2022,02:00:56,,136.04,
2065,04/05/2022,02:00:57,,136.12,
2066,04/05/2022,02:00:57,,136.21,
2067,04/05/2022,02:00:57,,136.26,
2068,04/05/2022,02:00:57,,136.28,
2069,04/05/2022,02:00:57,,136.34,
2070,04/05/2022,02:00:58,,136.39,
2071,04/05/2022,02:00:58,,136.46,
2072,04/05/2022,02:00:58,,136.47,
2073,04/05/2022,02:00:58,,136.54,
2074,04/05/2022,02:00:58,,136.59,
2075,04/05/2022,02:00:58,,136.64,
2076,04/05/2022,02:00:58,,136.67,
2077,04/05/2022,02:00:59,,136.72,
2078,04/05/2022,02:00:59,,136.79,
2079,04/05/2022,02:00:59,,136.86,
2080,04/05/2022,02:00:59,,136.87,
2081,04/05/2022,02:00:59,,136.91,
2082,04/05/2022,02:01:00,,136.97,
2083,04/05/2022,02:01:00,,137.03,
2084,04/05/2022,02:01:00,,137.04,
2085,04/05/2022,02:01:00,,137.11,
2086,04/05/2022,02:01:00,,137.16,
2087,04/05/2022,02:01:01,,137.22,
2088,04/05/2022,02:01:01,,137.24,
2089,04/05/2022,02:01:01,,137.29,
2090,04/05/2022,02:01:01,,137.36,
2091,04/05/2022,02:01:01,,137.41,
2092,04/05/2022,02:01:01,,137.43,
2093,04/05/2022,02:01:01,,137.49,
2094,04/05/2022,02:01:02,,137.55,
2095,04/05/2022,02:01:02,,137.60,
2096,04/05/2022,02:01:02,,137.62,
2097,04/05/2022,02:01:02,,137.67,
2098,04/05/2022,02:01:02,,137.73,
2099,04/05/2022,02:01:03,,137.80,
2100,04/05/2022,02:01:03,,137.81,
2101,04/05/2022,02:01:03,,137.87,
2102,04/05/2022,02:01:03,,137.92,
2103,04/05/2022,02:01:03,,137.97,
2104,04/05/2022,02:01:03,,137.99,
2105,04/05/2022,02:01:04,,138.05,
2106,04/05/2022,02:01:04,,138.12,
2107,04/05/2022,02:01:04,,138.18,
2108,04/05/2022,02:01:04,,138.19,
2109,04/05/2022,02:01:04,,138.24,
2110,04/05/2022,02:01:04,,138.30,
2111,04/05/2022,02:01:05,,138.36,
2112,04/05/2022,02:01:05,,138.37,
2113,04/05/2022,02:01:05,,138.42,
2114,04/05/2022,02:01:05,,138.49,
2115,04/05/2022,02:01:05,,138.56,
2116,04/05/2022,02:01:05,,138.58,
2117,04/05/2022,02:01:06,,138.63,
2118,04/05/2022,02:01:06,,138.68,
2119,04/05/2022,02:01:06,,138.73,
2120,04/05/2022,02:01:06,,138.73,
2121,04/05/2022,02:01:06,,138.81,
2122,04/05/2022,02:01:07,,138.86,
2123,04/05/2022,02:01:07,,138.92,
2124,04/05/2022,02:01:07,,138.94,
2125,04/05/2022,02:01:07,,138.99,
2126,04/05/2022,02:01:07,,139.05,
2127,04/05/2022,02:01:07,,139.10,
2128,04/05/2022,02:01:07,,139.11,
2129,04/05/2022,02:01:08,,139.17,
2130,04/05/2022,02:01:08,,139.23,
2131,04/05/2022,02:01:08,,139.29,
2132,04/05/2022,02:01:08,,139.31,
2133,04/05/2022,02:01:08,,139.36,
2134,04/05/2022,02:01:09,,139.43,
2135,04/05/2022,02:01:09,,139.49,
2136,04/05/2022,02:01:09,,139.50,
2137,04/05/2022,02:01:09,,139.56,
2138,04/05/2022,02:01:09,,139.61,
2139,04/05/2022,02:01:10,,139.68,
2140,04/05/2022,02:01:10,,139.69,
2141,04/05/2022,02:01:10,,139.74,
2142,04/05/2022,02:01:10,,139.79,
2143,04/05/2022,02:01:10,,139.85,
2144,04/05/2022,02:01:10,,139.87,
2145,04/05/2022,02:01:10,,139.93,
2146,04/05/2022,02:01:11,,139.99,
2147,04/05/2022,02:01:11,,140.03,
2148,04/05/2022,02:01:11,,140.05,
2149,04/05/2022,02:01:11,,140.11,
2150,04/05/2022,02:01:11,,140.17,
2151,04/05/2022,02:01:12,,140.24,
2152,04/05/2022,02:01:12,,140.25,
2153,04/05/2022,02:01:12,,140.31,
2154,04/05/2022,02:01:12,,140.37,
2155,04/05/2022,02:01:12,,140.42,
2156,04/05/2022,02:01:12,,140.44,
2157,04/05/2022,02:01:13,,140.49,
2158,04/05/2022,02:01:13,,140.54,
2159,04/05/2022,02:01:13,,140.60,
2160,04/05/2022,02:01:13,,140.62,
2161,04/05/2022,02:01:13,,140.67,
2162,04/05/2022,02:01:13,,140.73,
2163,04/05/2022,02:01:14,,140.79,
2164,04/05/2022,02:01:14,,140.81,
2165,04/05/2022,02:01:14,,140.87,
2166,04/05/2022,02:01:14,,140.92,
2167,04/05/2022,02:01:14,,140.99,
2168,04/05/2022,02:01:14,,140.99,
2169,04/05/2022,02:01:15,,141.06,
2170,04/05/2022,02:01:15,,141.11,
2171,04/05/2022,02:01:15,,141.17,
2172,04/05/2022,02:01:15,,141.18,
2173,04/05/2022,02:01:15,,141.23,
2174,04/05/2022,02:01:16,,141.29,
2175,04/05/2022,02:01:16,,141.35,
2176,04/05/2022,02:01:16,,141.36,
2177,04/05/2022,02:01:16,,141.42,
2178,04/05/2022,02:01:16,,141.48,
2179,04/05/2022,02:01:16,,141.55,
2180,04/05/2022,02:01:17,,141.56,
2181,04/05/2022,02:01:17,,141.62,
2182,04/05/2022,02:01:17,,141.67,
2183,04/05/2022,02:01:17,,141.73,
2184,04/05/2022,02:01:17,,141.75,
2185,04/05/2022,02:01:17,,141.80,
2186,04/05/2022,02:01:18,,141.86,
2187,04/05/2022,02:01:18,,141.91,
2188,04/05/2022,02:01:18,,141.92,
2189,04/05/2022,02:01:18,,141.98,
2190,04/05/2022,02:01:18,,142.04,
2191,04/05/2022,02:01:19,,142.10,
2192,04/05/2022,02:01:19,,142.11,
2193,04/05/2022,02:01:19,,142.18,
2194,04/05/2022,02:01:19,,142.24,
2195,04/05/2022,02:01:19,,142.29,
2196,04/05/2022,02:01:19,,142.30,
2197,04/05/2022,02:01:19,,142.36,
2198,04/05/2022,02:01:20,,142.41,
2199,04/05/2022,02:01:20,,142.48,
2200,04/05/2022,02:01:20,,142.49,
2201,04/05/2022,02:01:20,,142.55,
2202,04/05/2022,02:01:20,,142.60,
2203,04/05/2022,02:01:21,,142.67,
2204,04/05/2022,02:01:21,,142.68,
2205,04/05/2022,02:01:21,,142.74,
2206,04/05/2022,02:01:21,,142.79,
2207,04/05/2022,02:01:21,,142.84,
2208,04/05/2022,02:01:21,,142.86,
2209,04/05/2022,02:01:22,,142.92,
2210,04/05/2022,02:01:22,,142.97,
2211,04/05/2022,02:01:22,,143.02,
2212,04/05/2022,02:01:22,,143.03,
2213,04/05/2022,02:01:22,,143.10,
2214,04/05/2022,02:01:22,,143.15,
2215,04/05/2022,02:01:23,,143.21,
2216,04/05/2022,02:01:23,,143.22,
2217,04/05/2022,02:01:23,,143.28,
2218,04/05/2022,02:01:23,,143.34,
2219,04/05/2022,02:01:23,,143.40,
2220,04/05/2022,02:01:23,,143.42,
2221,04/05/2022,02:01:24,,143.46,
2222,04/05/2022,02:01:24,,143.52,
2223,04/05/2022,02:01:24,,143.59,
2224,04/05/2022,02:01:24,,143.60,
2225,04/05/2022,02:01:24,,143.66,
2226,04/05/2022,02:01:25,,143.72,
2227,04/05/2022,02:01:25,,143.77,
2228,04/05/2022,02:01:25,,143.79,
2229,04/05/2022,02:01:25,,143.85,
2230,04/05/2022,02:01:25,,143.90,
2231,04/05/2022,02:01:25,,143.96,
2232,04/05/2022,02:01:26,,143.98,
2233,04/05/2022,02:01:26,,144.04,
2234,04/05/2022,02:01:26,,144.11,
2235,04/05/2022,02:01:26,,144.16,
2236,04/05/2022,02:01:26,,144.17,
2237,04/05/2022,02:01:26,,144.23,
2238,04/05/2022,02:01:27,,144.28,
2239,04/05/2022,02:01:27,,144.34,
2240,04/05/2022,02:01:27,,144.35,
2241,04/05/2022,02:01:27,,144.40,
2242,04/05/2022,02:01:27,,144.46,
2243,04/05/2022,02:01:28,,144.53,
2244,04/05/2022,02:01:28,,144.54,
2245,04/05/2022,02:01:28,,144.61,
2246,04/05/2022,02:01:28,,144.67,
2247,04/05/2022,02:01:28,,144.73,
2248,04/05/2022,02:01:28,,144.74,
2249,04/05/2022,02:01:29,,144.80,
2250,04/05/2022,02:01:29,,144.85,
2251,04/05/2022,02:01:29,,144.90,
2252,04/05/2022,02:01:29,,144.91,
2253,04/05/2022,02:01:29,,144.98,
2254,04/05/2022,02:01:29,,145.04,
2255,04/05/2022,02:01:30,,145.09,
2256,04/05/2022,02:01:30,,145.11,
2257,04/05/2022,02:01:30,,145.16,
2258,04/05/2022,02:01:30,,145.22,
2259,04/05/2022,02:01:30,,145.28,
2260,04/05/2022,02:01:30,,145.29,
2261,04/05/2022,02:01:31,,145.35,
2262,04/05/2022,02:01:31,,145.41,
2263,04/05/2022,02:01:31,,145.47,
2264,04/05/2022,02:01:31,,145.48,
2265,04/05/2022,02:01:31,,145.54,
2266,04/05/2022,02:01:31,,145.59,
2267,04/05/2022,02:01:32,,145.64,
2268,04/05/2022,02:01:32,,145.68,
2269,04/05/2022,02:01:32,,145.72,
2270,04/05/2022,02:01:32,,145.77,
2271,04/05/2022,02:01:32,,145.82,
2272,04/05/2022,02:01:32,,145.82,
2273,04/05/2022,02:01:33,,145.88,
2274,04/05/2022,02:01:33,,145.94,
2275,04/05/2022,02:01:33,,146.00,
2276,04/05/2022,02:01:33,,146.01,
2277,04/05/2022,02:01:33,,146.08,
2278,04/05/2022,02:01:34,,146.14,
2279,04/05/2022,02:01:34,,146.20,
2280,04/05/2022,02:01:34,,146.22,
2281,04/05/2022,02:01:34,,146.27,
2282,04/05/2022,02:01:34,,146.34,
2283,04/05/2022,02:01:34,,146.39,
2284,04/05/2022,02:01:35,,146.40,
2285,04/05/2022,02:01:35,,146.45,
2286,04/05/2022,02:01:35,,146.50,
2287,04/05/2022,02:01:35,,146.57,
2288,04/05/2022,02:01:35,,146.59,
2289,04/05/2022,02:01:35,,146.64,
2290,04/05/2022,02:01:36,,146.69,
2291,04/05/2022,02:01:36,,146.75,
2292,04/05/2022,02:01:36,,146.76,
2293,04/05/2022,02:01:36,,146.83,
2294,04/05/2022,02:01:36,,146.90,
2295,04/05/2022,02:01:37,,146.96,
2296,04/05/2022,02:01:37,,146.97,
2297,04/05/2022,02:01:37,,147.03,
2298,04/05/2022,02:01:37,,147.08,
2299,04/05/2022,02:01:37,,147.13,
2300,04/05/2022,02:01:37,,147.14,
2301,04/05/2022,02:01:38,,147.20,
2302,04/05/2022,02:01:38,,147.26,
2303,04/05/2022,02:01:38,,147.32,
2304,04/05/2022,02:01:38,,147.34,
2305,04/05/2022,02:01:38,,147.39,
2306,04/05/2022,02:01:38,,147.45,
2307,04/05/2022,02:01:39,,147.51,
2308,04/05/2022,02:01:39,,147.53,
2309,04/05/2022,02:01:39,,147.58,
2310,04/05/2022,02:01:39,,147.63,
2311,04/05/2022,02:01:39,,147.69,
2312,04/05/2022,02:01:39,,147.71,
2313,04/05/2022,02:01:40,,147.78,
2314,04/05/2022,02:01:40,,147.84,
2315,04/05/2022,02:01:40,,147.91,
2316,04/05/2022,02:01:40,,147.92,
2317,04/05/2022,02:01:40,,147.98,
2318,04/05/2022,02:01:40,,148.03,
2319,04/05/2022,02:01:41,,148.08,
2320,04/05/2022,02:01:41,,148.09,
2321,04/05/2022,02:01:41,,148.14,
2322,04/05/2022,02:01:41,,148.21,
2323,04/05/2022,02:01:41,,148.26,
2324,04/05/2022,02:01:41,,148.27,
2325,04/05/2022,02:01:42,,148.32,
2326,04/05/2022,02:01:42,,148.38,
2327,04/05/2022,02:01:42,,148.44,
2328,04/05/2022,02:01:42,,148.45,
2329,04/05/2022,02:01:42,,148.51,
2330,04/05/2022,02:01:43,,148.56,
2331,04/05/2022,02:01:43,,148.63,
2332,04/05/2022,02:01:43,,148.65,
2333,04/05/2022,02:01:43,,148.70,
2334,04/05/2022,02:01:43,,148.76,
2335,04/05/2022,02:01:43,,148.81,
2336,04/05/2022,02:01:44,,148.82,
2337,04/05/2022,02:01:44,,148.89,
2338,04/05/2022,02:01:44,,148.94,
2339,04/05/2022,02:01:44,,149.00,
2340,04/05/2022,02:01:44,,149.01,
2341,04/05/2022,02:01:44,,149.07,
2342,04/05/2022,02:01:45,,149.13,
2343,04/05/2022,02:01:45,,149.19,
2344,04/05/2022,02:01:45,,149.21,
2345,04/05/2022,02:01:45,,149.27,
2346,04/05/2022,02:01:45,,149.33,
2347,04/05/2022,02:01:46,,149.39,
2348,04/05/2022,02:01:46,,149.40,
2349,04/05/2022,02:01:46,,149.45,
2350,04/05/2022,02:01:46,,149.51,
2351,04/05/2022,02:01:46,,149.58,
2352,04/05/2022,02:01:46,,149.60,
2353,04/05/2022,02:01:47,,149.65,
2354,04/05/2022,02:01:47,,149.70,
2355,04/05/2022,02:01:47,,149.75,
2356,04/05/2022,02:01:47,,149.76,
2357,04/05/2022,02:01:47,,149.82,
2358,04/05/2022,02:01:47,,149.88,
2359,04/05/2022,02:01:48,,149.94,
2360,04/05/2022,02:01:48,,149.96,
2361,04/05/2022,02:01:48,,150.02,
2362,04/05/2022,02:01:48,,150.08,
2363,04/05/2022,02:01:48,,150.14,
2364,04/05/2022,02:01:48,,150.15,
2365,04/05/2022,02:01:49,,150.20,
2366,04/05/2022,02:01:49,,150.26,
2367,04/05/2022,02:01:49,,150.32,
2368,04/05/2022,02:01:49,,150.34,
2369,04/05/2022,02:01:49,,150.39,
2370,04/05/2022,02:01:50,,150.44,
2371,04/05/2022,02:01:50,,150.50,
2372,04/05/2022,02:01:50,,150.52,
2373,04/05/2022,02:01:50,,150.57,
2374,04/05/2022,02:01:50,,150.63,
2375,04/05/2022,02:01:50,,150.69,
2376,04/05/2022,02:01:50,,150.70,
2377,04/05/2022,02:01:51,,150.77,
2378,04/05/2022,02:01:51,,150.81,
2379,04/05/2022,02:01:51,,150.88,
2380,04/05/2022,02:01:51,,150.89,
2381,04/05/2022,02:01:51,,150.95,
2382,04/05/2022,02:01:52,,151.01,
2383,04/05/2022,02:01:52,,151.06,
2384,04/05/2022,02:01:52,,151.08,
2385,04/05/2022,02:01:52,,151.13,
2386,04/05/2022,02:01:52,,151.20,
2387,04/05/2022,02:01:52,,151.26,
2388,04/05/2022,02:01:53,,151.27,
2389,04/05/2022,02:01:53,,151.32,
2390,04/05/2022,02:01:53,,151.37,
2391,04/05/2022,02:01:53,,151.44,
2392,04/05/2022,02:01:53,,151.46,
2393,04/05/2022,02:01:53,,151.51,
2394,04/05/2022,02:01:54,,151.56,
2395,04/05/2022,02:01:54,,151.61,
2396,04/05/2022,02:01:54,,151.63,
2397,04/05/2022,02:01:54,,151.70,
2398,04/05/2022,02:01:54,,151.75,
2399,04/05/2022,02:01:55,,151.82,
2400,04/05/2022,02:01:55,,151.83,
2401,04/05/2022,02:01:55,,151.89,
2402,04/05/2022,02:01:55,,151.95,
2403,04/05/2022,02:01:55,,152.00,
2404,04/05/2022,02:01:55,,152.01,
2405,04/05/2022,02:01:56,,152.07,
2406,04/05/2022,02:01:56,,152.13,
2407,04/05/2022,02:01:56,,152.19,
2408,04/05/2022,02:01:56,,152.21,
2409,04/05/2022,02:01:56,,152.26,
2410,04/05/2022,02:01:56,,152.32,
2411,04/05/2022,02:01:57,,152.37,
2412,04/05/2022,02:01:57,,152.38,
2413,04/05/2022,02:01:57,,152.44,
2414,04/05/2022,02:01:57,,152.49,
2415,04/05/2022,02:01:57,,152.56,
2416,04/05/2022,02:01:57,,152.57,
2417,04/05/2022,02:01:58,,152.63,
2418,04/05/2022,02:01:58,,152.68,
2419,04/05/2022,02:01:58,,152.73,
2420,04/05/2022,02:01:58,,152.75,
2421,04/05/2022,02:01:58,,152.81,
2422,04/05/2022,02:01:59,,152.87,
2423,04/05/2022,02:01:59,,152.92,
2424,04/05/2022,02:01:59,,152.93,
2425,04/05/2022,02:01:59,,152.99,
2426,04/05/2022,02:01:59,,153.06,
2427,04/05/2022,02:01:59,,153.12,
2428,04/05/2022,02:02:00,,153.13,
2429,04/05/2022,02:02:00,,153.19,
2430,04/05/2022,02:02:00,,153.25,
2431,04/05/2022,02:02:00,,153.30,
2432,04/05/2022,02:02:00,,153.32,
2433,04/05/2022,02:02:00,,153.38,
2434,04/05/2022,02:02:01,,153.43,
2435,04/05/2022,02:02:01,,153.50,
2436,04/05/2022,02:02:01,,153.51,
2437,04/05/2022,02:02:01,,153.56,
2438,04/05/2022,02:02:01,,153.62,
2439,04/05/2022,02:02:02,,153.68,
2440,04/05/2022,02:02:02,,153.69,
2441,04/05/2022,02:02:02,,153.76,
2442,04/05/2022,02:02:02,,153.81,
2443,04/05/2022,02:02:02,,153.87,
2444,04/05/2022,02:02:02,,153.88,
2445,04/05/2022,02:02:02,,153.94,
2446,04/05/2022,02:02:03,,153.99,
2447,04/05/2022,02:02:03,,154.04,
2448,04/05/2022,02:02:03,,154.06,
2449,04/05/2022,02:02:03,,154.11,
2450,04/05/2022,02:02:03,,154.18,
2451,04/05/2022,02:02:04,,154.24,
2452,04/05/2022,02:02:04,,154.25,
2453,04/05/2022,02:02:04,,154.30,
2454,04/05/2022,02:02:04,,154.36,
2455,04/05/2022,02:02:04,,154.42,
2456,04/05/2022,02:02:04,,154.43,
2457,04/05/2022,02:02:05,,154.49,
2458,04/05/2022,02:02:05,,154.54,
2459,04/05/2022,02:02:05,,154.60,
2460,04/05/2022,02:02:05,,154.61,
2461,04/05/2022,02:02:05,,154.68,
2462,04/05/2022,02:02:05,,154.74,
2463,04/05/2022,02:02:06,,154.79,
2464,04/05/2022,02:02:06,,154.81,
2465,04/05/2022,02:02:06,,154.87,
2466,04/05/2022,02:02:06,,154.93,
2467,04/05/2022,02:02:06,,154.99,
2468,04/05/2022,02:02:06,,155.01,
2469,04/05/2022,02:02:07,,155.05,
2470,04/05/2022,02:02:07,,155.12,
2471,04/05/2022,02:02:07,,155.17,
2472,04/05/2022,02:02:07,,155.18,
2473,04/05/2022,02:02:07,,155.24,
2474,04/05/2022,02:02:08,,155.29,
2475,04/05/2022,02:02:08,,155.36,
2476,04/05/2022,02:02:08,,155.37,
2477,04/05/2022,02:02:08,,155.42,
2478,04/05/2022,02:02:08,,155.47,
2479,04/05/2022,02:02:08,,155.52,
2480,04/05/2022,02:02:09,,155.54,
2481,04/05/2022,02:02:09,,155.60,
2482,04/05/2022,02:02:09,,155.65,
2483,04/05/2022,02:02:09,,155.71,
2484,04/05/2022,02:02:09,,155.71,
2485,04/05/2022,02:02:09,,155.78,
2486,04/05/2022,02:02:10,,155.81,
2487,04/05/2022,02:02:10,,155.85,
2488,04/05/2022,02:02:10,,155.87,
2489,04/05/2022,02:02:10,,155.93,
2490,04/05/2022,02:02:10,,155.99,
2491,04/05/2022,02:02:11,,156.09,
2492,04/05/2022,02:02:11,,156.10,
2493,04/05/2022,02:02:11,,156.17,
2494,04/05/2022,02:02:11,,156.25,
2495,04/05/2022,02:02:11,,156.28,
2496,04/05/2022,02:02:11,,156.31,
2497,04/05/2022,02:02:11,,156.35,
2498,04/05/2022,02:02:12,,156.43,
2499,04/05/2022,02:02:12,,156.48,
2500,04/05/2022,02:02:12,,156.48,
2501,04/05/2022,02:02:12,,156.55,
2502,04/05/2022,02:02:12,,156.61,
2503,04/05/2022,02:02:13,,156.67,
2504,04/05/2022,02:02:13,,156.69,
2505,04/05/2022,02:02:13,,156.74,
2506,04/05/2022,02:02:13,,156.80,
2507,04/05/2022,02:02:13,,156.85,
2508,04/05/2022,02:02:13,,156.87,
2509,04/05/2022,02:02:14,,156.93,
2510,04/05/2022,02:02:14,,156.99,
2511,04/05/2022,02:02:14,,157.05,
2512,04/05/2022,02:02:14,,157.06,
2513,04/05/2022,02:02:14,,157.11,
2514,04/05/2022,02:02:14,,157.17,
2515,04/05/2022,02:02:15,,157.23,
2516,04/05/2022,02:02:15,,157.24,
2517,04/05/2022,02:02:15,,157.30,
2518,04/05/2022,02:02:15,,157.35,
2519,04/05/2022,02:02:15,,157.43,
2520,04/05/2022,02:02:15,,157.43,
2521,04/05/2022,02:02:16,,157.50,
2522,04/05/2022,02:02:16,,157.55,
2523,04/05/2022,02:02:16,,157.60,
2524,04/05/2022,02:02:16,,157.62,
2525,04/05/2022,02:02:16,,157.68,
2526,04/05/2022,02:02:17,,157.74,
2527,04/05/2022,02:02:17,,157.79,
2528,04/05/2022,02:02:17,,157.81,
2529,04/05/2022,02:02:17,,157.87,
2530,04/05/2022,02:02:17,,157.92,
2531,04/05/2022,02:02:17,,157.97,
2532,04/05/2022,02:02:18,,157.98,
2533,04/05/2022,02:02:18,,158.05,
2534,04/05/2022,02:02:18,,158.11,
2535,04/05/2022,02:02:18,,158.17,
2536,04/05/2022,02:02:18,,158.19,
2537,04/05/2022,02:02:18,,158.23,
2538,04/05/2022,02:02:19,,158.28,
2539,04/05/2022,02:02:19,,158.34,
2540,04/05/2022,02:02:19,,158.35,
2541,04/05/2022,02:02:19,,158.41,
2542,04/05/2022,02:02:19,,158.45,
2543,04/05/2022,02:02:20,,158.52,
2544,04/05/2022,02:02:20,,158.53,
2545,04/05/2022,02:02:20,,158.59,
2546,04/05/2022,02:02:20,,158.65,
2547,04/05/2022,02:02:20,,158.70,
2548,04/05/2022,02:02:20,,158.72,
2549,04/05/2022,02:02:21,,158.78,
2550,04/05/2022,02:02:21,,158.84,
2551,04/05/2022,02:02:21,,158.90,
2552,04/05/2022,02:02:21,,158.91,
2553,04/05/2022,02:02:21,,158.97,
2554,04/05/2022,02:02:21,,159.03,
2555,04/05/2022,02:02:22,,159.08,
2556,04/05/2022,02:02:22,,159.10,
2557,04/05/2022,02:02:22,,159.15,
2558,04/05/2022,02:02:22,,159.19,
2559,04/05/2022,02:02:22,,159.26,
2560,04/05/2022,02:02:22,,159.28,
2561,04/05/2022,02:02:23,,159.34,
2562,04/05/2022,02:02:23,,159.40,
2563,04/05/2022,02:02:23,,159.45,
2564,04/05/2022,02:02:23,,159.47,
2565,04/05/2022,02:02:23,,159.53,
2566,04/05/2022,02:02:23,,159.58,
2567,04/05/2022,02:02:24,,159.64,
2568,04/05/2022,02:02:24,,159.65,
2569,04/05/2022,02:02:24,,159.71,
2570,04/05/2022,02:02:24,,159.77,
2571,04/05/2022,02:02:24,,159.82,
2572,04/05/2022,02:02:24,,159.83,
2573,04/05/2022,02:02:25,,159.88,
2574,04/05/2022,02:02:25,,159.95,
2575,04/05/2022,02:02:25,,160.00,
2576,04/05/2022,02:02:25,,160.03,
2577,04/05/2022,02:02:25,,160.09,
2578,04/05/2022,02:02:26,,160.13,
2579,04/05/2022,02:02:26,,160.19,
2580,04/05/2022,02:02:26,,160.20,
2581,04/05/2022,02:02:26,,160.27,
2582,04/05/2022,02:02:26,,160.33,
2583,04/05/2022,02:02:27,,160.39,
2584,04/05/2022,02:02:27,,160.41,
2585,04/05/2022,02:02:27,,160.45,
2586,04/05/2022,02:02:27,,160.51,
2587,04/05/2022,02:02:27,,160.56,
2588,04/05/2022,02:02:27,,160.58,
2589,04/05/2022,02:02:27,,160.64,
2590,04/05/2022,02:02:28,,160.69,
2591,04/05/2022,02:02:28,,160.75,
2592,04/05/2022,02:02:28,,160.76,
2593,04/05/2022,02:02:28,,160.83,
2594,04/05/2022,02:02:28,,160.90,
2595,04/05/2022,02:02:29,,160.95,
2596,04/05/2022,02:02:29,,160.97,
2597,04/05/2022,02:02:29,,161.02,
2598,04/05/2022,02:02:29,,161.07,
2599,04/05/2022,02:02:29,,161.13,
2600,04/05/2022,02:02:29,,161.14,
2601,04/05/2022,02:02:30,,161.20,
2602,04/05/2022,02:02:30,,161.26,
2603,04/05/2022,02:02:30,,161.32,
2604,04/05/2022,02:02:30,,161.34,
2605,04/05/2022,02:02:30,,161.39,
2606,04/05/2022,02:02:30,,161.44,
2607,04/05/2022,02:02:31,,161.49,
2608,04/05/2022,02:02:31,,161.51,
2609,04/05/2022,02:02:31,,161.57,
2610,04/05/2022,02:02:31,,161.62,
2611,04/05/2022,02:02:31,,161.68,
2612,04/05/2022,02:02:31,,161.69,
2613,04/05/2022,02:02:32,,161.75,
2614,04/05/2022,02:02:32,,161.81,
2615,04/05/2022,02:02:32,,161.87,
2616,04/05/2022,02:02:32,,161.88,
2617,04/05/2022,02:02:32,,161.94,
2618,04/05/2022,02:02:33,,162.01,
2619,04/05/2022,02:02:33,,162.07,
2620,04/05/2022,02:02:33,,162.08,
2621,04/05/2022,02:02:33,,162.13,
2622,04/05/2022,02:02:33,,162.19,
2623,04/05/2022,02:02:33,,162.25,
2624,04/05/2022,02:02:33,,162.26,
2625,04/05/2022,02:02:34,,162.32,
2626,04/05/2022,02:02:34,,162.36,
2627,04/05/2022,02:02:34,,162.43,
2628,04/05/2022,02:02:34,,162.45,
2629,04/05/2022,02:02:34,,162.51,
2630,04/05/2022,02:02:35,,162.57,
2631,04/05/2022,02:02:35,,162.62,
2632,04/05/2022,02:02:35,,162.64,
2633,04/05/2022,02:02:35,,162.70,
2634,04/05/2022,02:02:35,,162.75,
2635,04/05/2022,02:02:35,,162.82,
2636,04/05/2022,02:02:36,,162.84,
2637,04/05/2022,02:02:36,,162.89,
2638,04/05/2022,02:02:36,,162.94,
2639,04/05/2022,02:02:36,,162.99,
2640,04/05/2022,02:02:36,,162.99,
2641,04/05/2022,02:02:36,,163.05,
2642,04/05/2022,02:02:37,,163.14,
2643,04/05/2022,02:02:37,,163.19,
2644,04/05/2022,02:02:37,,163.20,
2645,04/05/2022,02:02:37,,163.26,
2646,04/05/2022,02:02:37,,163.31,
2647,04/05/2022,02:02:38,,163.38,
2648,04/05/2022,02:02:38,,163.39,
2649,04/05/2022,02:02:38,,163.45,
2650,04/05/2022,02:02:38,,163.51,
2651,04/05/2022,02:02:38,,163.56,
2652,04/05/2022,02:02:38,,163.57,
2653,04/05/2022,02:02:39,,163.63,
2654,04/05/2022,02:02:39,,163.69,
2655,04/05/2022,02:02:39,,163.74,
2656,04/05/2022,02:02:39,,163.75,
2657,04/05/2022,02:02:39,,163.82,
2658,04/05/2022,02:02:39,,163.88,
2659,04/05/2022,02:02:40,,163.94,
2660,04/05/2022,02:02:40,,163.96,
2661,04/05/2022,02:02:40,,163.99,
2662,04/05/2022,02:02:40,,164.05,
2663,04/05/2022,02:02:40,,164.12,
2664,04/05/2022,02:02:40,,164.12,
2665,04/05/2022,02:02:41,,164.21,
2666,04/05/2022,02:02:41,,164.26,
2667,04/05/2022,02:02:41,,164.31,
2668,04/05/2022,02:02:41,,164.33,
2669,04/05/2022,02:02:41,,164.37,
2670,04/05/2022,02:02:42,,164.43,
2671,04/05/2022,02:02:42,,164.49,
2672,04/05/2022,02:02:42,,164.51,
2673,04/05/2022,02:02:42,,164.57,
2674,04/05/2022,02:02:42,,164.64,
2675,04/05/2022,02:02:42,,164.68,
2676,04/05/2022,02:02:43,,164.69,
2677,04/05/2022,02:02:43,,164.76,
2678,04/05/2022,02:02:43,,164.80,
2679,04/05/2022,02:02:43,,164.86,
2680,04/05/2022,02:02:43,,164.87,
2681,04/05/2022,02:02:43,,164.92,
2682,04/05/2022,02:02:44,,164.99,
2683,04/05/2022,02:02:44,,165.04,
2684,04/05/2022,02:02:44,,165.06,
2685,04/05/2022,02:02:44,,165.12,
2686,04/05/2022,02:02:44,,165.17,
2687,04/05/2022,02:02:45,,165.24,
2688,04/05/2022,02:02:45,,165.25,
2689,04/05/2022,02:02:45,,165.30,
2690,04/05/2022,02:02:45,,165.36,
2691,04/05/2022,02:02:45,,165.42,
2692,04/05/2022,02:02:45,,165.43,
2693,04/05/2022,02:02:45,,165.48,
2694,04/05/2022,02:02:46,,165.54,
2695,04/05/2022,02:02:46,,165.60,
2696,04/05/2022,02:02:46,,165.61,
2697,04/05/2022,02:02:46,,165.69,
2698,04/05/2022,02:02:46,,165.74,
2699,04/05/2022,02:02:47,,165.79,
2700,04/05/2022,02:02:47,,165.81,
2701,04/05/2022,02:02:47,,165.87,
2702,04/05/2022,02:02:47,,165.92,
2703,04/05/2022,02:02:47,,165.98,
2704,04/05/2022,02:02:47,,165.99,
2705,04/05/2022,02:02:48,,166.04,
2706,04/05/2022,02:02:48,,166.10,
2707,04/05/2022,02:02:48,,166.16,
2708,04/05/2022,02:02:48,,166.18,
2709,04/05/2022,02:02:48,,166.23,
2710,04/05/2022,02:02:48,,166.29,
2711,04/05/2022,02:02:49,,166.35,
2712,04/05/2022,02:02:49,,166.37,
2713,04/05/2022,02:02:49,,166.42,
2714,04/05/2022,02:02:49,,166.49,
2715,04/05/2022,02:02:49,,166.54,
2716,04/05/2022,02:02:49,,166.55,
2717,04/05/2022,02:02:50,,166.62,
2718,04/05/2022,02:02:50,,166.67,
2719,04/05/2022,02:02:50,,166.73,
2720,04/05/2022,02:02:50,,166.74,
2721,04/05/2022,02:02:50,,166.79,
2722,04/05/2022,02:02:51,,166.85,
2723,04/05/2022,02:02:51,,166.91,
2724,04/05/2022,02:02:51,,166.93,
2725,04/05/2022,02:02:51,,166.97,
2726,04/05/2022,02:02:52,,167.11,
2727,04/05/2022,02:02:52,,167.17,
2728,04/05/2022,02:02:52,,167.22,
Axis,4,0,180,0,100,0,30,0,1,0
Date,04/05/2022 02:03:10
Memo,Remarks:          
